{
    "role_1": "Physicist_RoleType.ASSISTANT",
    "topic;": "Quantum mechanics",
    "sub_topic": "The quantum error correction codes",
    "message_1": "Problem: \nA quantum computer is composed of 5 qubits, each with a probability of error of 3%. The computer has to perform a specific computation that requires high accuracy. Design a quantum error correction code that can correct up to 2 errors. Also, calculate the minimum number of qubits needed to implement this code.",
    "message_2": "To design a quantum error correction code that can correct up to 2 errors, we can use the Shor code, which is a 9-qubit code. The Shor code is a concatenation of a 3-qubit bit-flip code and a 3-qubit phase-flip code. It can correct any single-qubit error and detect (but not correct) two-qubit errors.\n\nThe Shor code works as follows:\n\n1. Encode the original qubit |ψ⟩ as |ψ⟩|0⟩|0⟩ using the 3-qubit bit-flip code.\n2. Apply the 3-qubit phase-flip code to each of the three qubits in the encoded state.\n3. Perform error syndrome measurements to identify the errors.\n4. Apply the appropriate correction operations based on the error syndrome measurements.\n\nNow, let's calculate the minimum number of qubits needed to implement the Shor code. Since the Shor code is a 9-qubit code, we need at least 9 qubits to implement it. However, we also need additional qubits for error syndrome measurements and correction operations. \n\nFor the 3-qubit bit-flip code, we need 2 additional qubits for error syndrome measurements, and for the 3-qubit phase-flip code, we need another 2 additional qubits for error syndrome measurements. Therefore, the total number of qubits needed to implement the Shor code is:\n\n9 (Shor code) + 2 (bit-flip syndrome) + 2 (phase-flip syndrome) = 13 qubits.\n\nSo, the minimum number of qubits needed to implement the Shor code that can correct up to 2 errors is 13 qubits."
}