{
    "role_1": "Physicist_RoleType.ASSISTANT",
    "topic;": "Quantum mechanics",
    "sub_topic": "The quantum spin and magnetic moments",
    "message_1": "What is the expected value of the z-component of the spin for an electron in a magnetic field with a strength of 0.5 T and a spin state described by |ψ⟩ = (1/√2)(|↑⟩ + |↓⟩)? Give your answer in units of ℏ/2.",
    "message_2": "To find the expected value of the z-component of the spin for an electron in the given spin state, we can use the following formula:\n\n⟨ψ|Sz|ψ⟩\n\nwhere Sz is the z-component of the spin operator, and |ψ⟩ is the given spin state. The z-component of the spin operator is given by:\n\nSz = (ℏ/2)(|↑⟩⟨↑| - |↓⟩⟨↓|)\n\nNow, let's compute the expected value:\n\n⟨ψ|Sz|ψ⟩ = ⟨(1/√2)(|↑⟩ + |↓⟩)|Sz|(1/√2)(|↑⟩ + |↓⟩)\n\nFirst, we apply the Sz operator to the state |ψ⟩:\n\nSz|ψ⟩ = (ℏ/2)(|↑⟩⟨↑| - |↓⟩⟨↓|)(1/√2)(|↑⟩ + |↓⟩)\n= (ℏ/2)(1/√2)(|↑⟩⟨↑|↑⟩ + |↑⟩⟨↑|↓⟩ - |↓⟩⟨↓|↑⟩ - |↓⟩⟨↓|↓⟩)\n= (ℏ/2)(1/√2)(|↑⟩(1) + |↑⟩(0) - |↓⟩(0) - |↓⟩(1))\n= (ℏ/2)(1/√2)(|↑⟩ - |↓⟩)\n\nNow, we compute the expected value:\n\n⟨ψ|Sz|ψ⟩ = ⟨(1/√2)(|↑⟩ + |↓⟩)|(ℏ/2)(1/√2)(|↑⟩ - |↓⟩)\n= (1/2)(⟨↑| + ⟨↓|)(ℏ/2)(|↑⟩ - |↓⟩)\n= (ℏ/4)(⟨↑|↑⟩ - ⟨↑|↓⟩ + ⟨↓|↑⟩ - ⟨↓|↓⟩)\n= (ℏ/4)(1 - 0 + 0 - 1)\n= (ℏ/4)(0)\n\nThe expected value of the z-component of the spin for the electron in the given spin state is 0 in units of ℏ/2."
}