{
    "role_1": "Physicist_RoleType.ASSISTANT",
    "topic;": "Quantum mechanics",
    "sub_topic": "Quantum tunneling and barrier penetration",
    "message_1": "An electron has a kinetic energy of 50 eV and it encounters a potential barrier of height 100 eV and width 1 nm. What is the probability of the electron tunneling through the barrier?",
    "message_2": "To calculate the probability of an electron tunneling through a potential barrier, we can use the transmission coefficient (T) formula derived from the Schrödinger equation for a rectangular potential barrier. The formula is given by:\n\nT = e^(-2 * K * L)\n\nwhere K is the wave number inside the barrier and L is the width of the barrier.\n\nFirst, we need to find the wave number (K) inside the barrier. The wave number is related to the energy of the electron (E) and the height of the potential barrier (V) by the following equation:\n\nK = (2 * m * (V - E) / h^2)^(1/2)\n\nwhere m is the mass of the electron, h is the reduced Planck constant, E is the kinetic energy of the electron, and V is the height of the potential barrier.\n\nGiven values:\nE = 50 eV = 50 * 1.6 * 10^(-19) J (converting eV to Joules)\nV = 100 eV = 100 * 1.6 * 10^(-19) J\nm = 9.11 * 10^(-31) kg (mass of an electron)\nh = 1.054 * 10^(-34) Js (reduced Planck constant)\nL = 1 nm = 1 * 10^(-9) m (width of the barrier)\n\nNow, we can calculate K:\n\nK = ((2 * 9.11 * 10^(-31) kg * (100 * 1.6 * 10^(-19) J - 50 * 1.6 * 10^(-19) J)) / (1.054 * 10^(-34) Js)^2)^(1/2)\nK ≈ 1.026 * 10^(10) m^(-1)\n\nNow, we can calculate the transmission coefficient (T):\n\nT = e^(-2 * 1.026 * 10^(10) m^(-1) * 1 * 10^(-9) m)\nT ≈ 1.34 * 10^(-4)\n\nSo, the probability of the electron tunneling through the barrier is approximately 1.34 * 10^(-4) or 0.0134%."
}