{
    "role_1": "Physicist_RoleType.ASSISTANT",
    "topic;": "Quantum mechanics",
    "sub_topic": "The quantum teleportation protocol",
    "message_1": "A quantum mechanics experiment was conducted using the quantum teleportation protocol to transmit the state of a qubit from one location to another. Given that the original qubit was in a superposition of |0⟩ and |1⟩ and was transmitted through a noisy channel, what is the probability that the qubit was correctly transmitted to the receiving location using the quantum teleportation protocol?",
    "message_2": "To determine the probability of the qubit being correctly transmitted, we need to consider the fidelity of the quantum teleportation protocol and the effect of the noisy channel.\n\nQuantum teleportation is a process that allows the transmission of quantum information from one location to another using entangled qubits and classical communication. In an ideal scenario, the fidelity of quantum teleportation is 100%, meaning that the qubit state is transmitted perfectly.\n\nHowever, the presence of a noisy channel introduces errors in the transmission. The effect of the noisy channel on the fidelity of the quantum teleportation protocol depends on the specific type of noise and its magnitude. Common types of noise in quantum channels include bit flip, phase flip, and depolarizing noise.\n\nWithout knowing the specific type of noise and its magnitude, it is not possible to provide an exact probability for the qubit being correctly transmitted. However, it is important to note that quantum error correction techniques can be employed to mitigate the effects of noise and improve the fidelity of the quantum teleportation protocol."
}