{
    "role_1": "Physicist_RoleType.ASSISTANT",
    "topic;": "Thermodynamics",
    "sub_topic": "Determination of heat transfer in a system",
    "message_1": "A copper rod of length 50 cm and diameter 2 cm is heated from both ends at temperatures 80°C and 120°C respectively. Calculate the rate of heat transfer through the rod if the thermal conductivity of copper is 400 W/(m.K) and the area of cross-section is 3.14 cm^2.",
    "message_2": "To calculate the rate of heat transfer through the copper rod, we can use Fourier's law of heat conduction:\n\nq = -k * A * (dT/dx)\n\nwhere q is the rate of heat transfer, k is the thermal conductivity of the material, A is the area of cross-section, and dT/dx is the temperature gradient along the length of the rod.\n\nFirst, we need to convert the length and area of cross-section to meters and square meters, respectively:\n\nLength (L) = 50 cm = 0.5 m\nArea (A) = 3.14 cm^2 = 3.14 * 10^(-4) m^2\n\nNext, we need to find the temperature gradient (dT/dx). The temperature difference between the two ends of the rod is:\n\ndT = T1 - T2 = 120°C - 80°C = 40°C\n\nSince the temperature difference occurs over the length of the rod, the temperature gradient is:\n\ndT/dx = dT / L = 40°C / 0.5 m = 80°C/m\n\nNow we can plug the values into Fourier's law:\n\nq = -k * A * (dT/dx)\nq = -(-400 W/(m.K)) * (3.14 * 10^(-4) m^2) * (80°C/m)\n\nq = 400 * 3.14 * 10^(-4) * 80\nq = 10048 * 10^(-4)\nq = 100.48 W\n\nThe rate of heat transfer through the copper rod is approximately 100.48 W."
}