{
    "role_1": "Physicist_RoleType.ASSISTANT",
    "topic;": "Thermodynamics",
    "sub_topic": "Calculation of Joule-Thomson coefficient of a gas",
    "message_1": "What is the Joule-Thomson coefficient of a gas at a temperature of 300 K and a pressure of 5 atm, given that the gas has a constant value of internal energy?",
    "message_2": "The Joule-Thomson coefficient (μ) is a measure of how the temperature of a gas changes as it undergoes an isenthalpic (constant enthalpy) expansion or compression. It is defined as:\n\nμ = (∂T/∂P)_H\n\nwhere T is the temperature, P is the pressure, and the subscript H indicates that the derivative is taken at constant enthalpy.\n\nFor an ideal gas, the internal energy (U) is a function of temperature only, and the enthalpy (H) is given by:\n\nH = U + PV\n\nwhere P is the pressure and V is the volume. Since the internal energy is constant, the change in enthalpy is given by:\n\nΔH = Δ(U + PV) = ΔPV\n\nFor an ideal gas, we can use the ideal gas law:\n\nPV = nRT\n\nwhere n is the number of moles, R is the ideal gas constant, and T is the temperature. Differentiating this equation with respect to pressure at constant enthalpy, we get:\n\nV + P(∂V/∂P)_H = 0\n\nNow, we can express the Joule-Thomson coefficient in terms of the specific heat capacity at constant pressure (Cp) and the specific heat capacity at constant volume (Cv):\n\nμ = (∂T/∂P)_H = [(Cp - Cv)/Cp] * [(∂V/∂P)_H]\n\nSince the gas has a constant value of internal energy, it behaves like an ideal gas. For an ideal gas, Cp - Cv = R, so the equation becomes:\n\nμ = (R/Cp) * [(∂V/∂P)_H]\n\nHowever, we are given that the gas has a constant value of internal energy, which implies that the temperature remains constant during the process. Therefore, the Joule-Thomson coefficient μ is zero:\n\nμ = 0\n\nThis means that the temperature of the gas does not change as it undergoes an isenthalpic expansion or compression at the given conditions (300 K and 5 atm)."
}