{
    "role_1": "Physicist_RoleType.ASSISTANT",
    "topic;": "Thermodynamics",
    "sub_topic": "Calculation of coefficient of performance of a heat pump",
    "message_1": "A heat pump with a coefficient of performance of 3.5 is used to maintain a room at 22°C when the outside temperature is -6°C. The room has a volume of 50 m³ and a heat transfer coefficient of 6 W/m²K. Calculate the power required to operate the heat pump and the amount of heat delivered to the room in 6 hours.",
    "message_2": "First, let's calculate the temperature difference between the inside and outside of the room:\n\nΔT = T_inside - T_outside\nΔT = 22°C - (-6°C)\nΔT = 28 K\n\nNext, we need to find the surface area of the room. Assuming the room is a cube, we can find the side length (s) by taking the cube root of the volume:\n\ns = (50 m³)^(1/3)\ns ≈ 3.684 m\n\nNow, we can find the surface area (A) of the cube:\n\nA = 6 * s²\nA = 6 * (3.684 m)²\nA ≈ 81.45 m²\n\nNow, we can calculate the heat loss (Q_loss) from the room using the heat transfer coefficient (U) and the temperature difference:\n\nQ_loss = U * A * ΔT\nQ_loss = 6 W/m²K * 81.45 m² * 28 K\nQ_loss ≈ 13704.4 W\n\nNow, we can find the power required to operate the heat pump (P_hp) using the coefficient of performance (COP):\n\nCOP = Q_delivered / P_hp\nP_hp = Q_delivered / COP\n\nSince the heat pump is maintaining the room at a constant temperature, the heat delivered (Q_delivered) must equal the heat loss (Q_loss):\n\nP_hp = Q_loss / COP\nP_hp = 13704.4 W / 3.5\nP_hp ≈ 3915.54 W\n\nNow, we can calculate the amount of heat delivered to the room in 6 hours:\n\nQ_delivered_6h = Q_loss * time\nQ_delivered_6h = 13704.4 W * 6 h * (3600 s/h)  [converting hours to seconds]\nQ_delivered_6h ≈ 295296960 J\n\nSo, the power required to operate the heat pump is approximately 3915.54 W, and the amount of heat delivered to the room in 6 hours is approximately 295,296,960 J."
}