{
    "role_1": "Physicist_RoleType.ASSISTANT",
    "topic;": "Thermodynamics",
    "sub_topic": "Calculation of isothermal work done in a process",
    "message_1": "A gas is compressed isothermally from an initial volume of 4.0 L to a final volume of 2.0 L at a constant temperature of 300 K. Calculate the work done on the gas during the process if the pressure of the gas is 2.0 atm.",
    "message_2": "For an isothermal process, the work done on the gas can be calculated using the formula:\n\nW = -nRT * ln(Vf / Vi)\n\nwhere W is the work done, n is the number of moles of the gas, R is the ideal gas constant, T is the temperature, Vf is the final volume, and Vi is the initial volume.\n\nFirst, we need to find the number of moles (n) of the gas. We can use the ideal gas law:\n\nPV = nRT\n\nwhere P is the pressure, V is the volume, n is the number of moles, R is the ideal gas constant, and T is the temperature.\n\nRearranging the equation to solve for n:\n\nn = PV / RT\n\nGiven the pressure P = 2.0 atm, the initial volume Vi = 4.0 L, and the temperature T = 300 K, we can find the number of moles. We need to use the value of R in L atm / (K mol), which is 0.0821 L atm / (K mol).\n\nn = (2.0 atm * 4.0 L) / (0.0821 L atm / (K mol) * 300 K)\nn ≈ 0.326 mol\n\nNow we can calculate the work done on the gas during the isothermal compression:\n\nW = -nRT * ln(Vf / Vi)\nW = -(0.326 mol) * (0.0821 L atm / (K mol)) * (300 K) * ln(2.0 L / 4.0 L)\n\nW ≈ -163.8 J\n\nThe work done on the gas during the isothermal compression is approximately -163.8 J. The negative sign indicates that the work is done on the gas (compressing it), rather than the gas doing work on its surroundings."
}