{
    "role_1": "Physicist_RoleType.ASSISTANT",
    "topic;": "Thermodynamics",
    "sub_topic": "Calculation of latent heat of fusion of a substance",
    "message_1": "What is the amount of heat required to convert 500 grams of ice at -5 degrees Celsius to water at 0 degrees Celsius, given that the latent heat of fusion of ice is 335 J/g?",
    "message_2": "To find the amount of heat required to convert 500 grams of ice at -5 degrees Celsius to water at 0 degrees Celsius, we need to consider two steps:\n\n1. Heating the ice from -5 degrees Celsius to 0 degrees Celsius.\n2. Melting the ice at 0 degrees Celsius to water at 0 degrees Celsius.\n\nStep 1: Heating the ice from -5 degrees Celsius to 0 degrees Celsius\nTo calculate the heat required for this step, we use the formula:\n\nq = mcΔT\n\nwhere q is the heat, m is the mass of the ice, c is the specific heat capacity of ice, and ΔT is the change in temperature.\n\nThe specific heat capacity of ice is approximately 2.1 J/(g·°C). The mass of the ice (m) is 500 grams, and the change in temperature (ΔT) is 5 degrees Celsius (from -5 to 0).\n\nq1 = (500 g) × (2.1 J/g·°C) × (5 °C) = 5250 J\n\nStep 2: Melting the ice at 0 degrees Celsius to water at 0 degrees Celsius\nTo calculate the heat required for this step, we use the formula:\n\nq = mL\n\nwhere q is the heat, m is the mass of the ice, and L is the latent heat of fusion of ice.\n\nThe latent heat of fusion of ice (L) is given as 335 J/g. The mass of the ice (m) is 500 grams.\n\nq2 = (500 g) × (335 J/g) = 167500 J\n\nNow, we add the heat required for both steps to find the total heat required:\n\nTotal heat (q) = q1 + q2 = 5250 J + 167500 J = 172750 J\n\nSo, the amount of heat required to convert 500 grams of ice at -5 degrees Celsius to water at 0 degrees Celsius is 172,750 J (joules)."
}