{
    "role_1": "Physicist_RoleType.ASSISTANT",
    "topic;": "Electromagnetism",
    "sub_topic": "Calculation of magnetic field due to a current-carrying rectangular loop",
    "message_1": "A rectangular loop of length L = 0.5 m and width W = 0.3 m carries a current of I = 2.5 A. Calculate the magnetic field at a point P located at a distance d = 0.2 m from the center of the loop along its axis. Assume the loop is lying in the xy-plane and P is on the z-axis.",
    "message_2": "To calculate the magnetic field at point P, we can use the Biot-Savart law. However, due to the rectangular shape of the loop, we need to break the loop into four segments and calculate the magnetic field contribution from each segment separately. Then, we can sum up the contributions to find the total magnetic field at point P.\n\nLet's consider the four segments of the rectangular loop as follows:\n\n1. Segment 1: From (-L/2, -W/2) to (-L/2, W/2)\n2. Segment 2: From (-L/2, W/2) to (L/2, W/2)\n3. Segment 3: From (L/2, W/2) to (L/2, -W/2)\n4. Segment 4: From (L/2, -W/2) to (-L/2, -W/2)\n\nThe magnetic field contribution from each segment can be calculated using the Biot-Savart law:\n\ndB = (μ₀ * I * dl * r) / (4 * π * r^3)\n\nwhere μ₀ is the permeability of free space (4π × 10^-7 Tm/A), I is the current, dl is the differential length vector of the wire segment, and r is the position vector from the differential length element to the point P.\n\nFor each segment, we can integrate the Biot-Savart law along the length of the segment. Due to symmetry, the magnetic field contributions from segments 1 and 3 will cancel each other out in the z-direction. Similarly, the magnetic field contributions from segments 2 and 4 will cancel each other out in the z-direction.\n\nTherefore, we only need to calculate the magnetic field contribution from one of the segments (e.g., segment 2) and multiply it by 2 to find the total magnetic field at point P.\n\nFor segment 2, the differential length vector dl = (dx, 0, 0), and the position vector r = (x, W/2, d). The cross product dl x r = (0, -d * dx, W/2 * dx). The magnitude of r is |r| = sqrt(x^2 + (W/2)^2 + d^2).\n\nNow, we can plug these values into the Biot-Savart law and integrate along the x-axis from -L/2 to L/2:\n\nBz = 2 * ∫[ (μ₀ * I * W/2 * dx) / (4 * π * (x^2 + (W/2)^2 + d^2)^(3/2)) ] from -L/2 to L/2\n\nBz = (μ₀ * I * W) / (4 * π) * ∫[ dx / (x^2 + (W/2)^2 + d^2)^(3/2) ] from -L/2 to L/2\n\nTo solve this integral, we can use a standard integral table or a computer algebra system. The result is:\n\nBz = (μ₀ * I * W) / (4 * π) * [ (2 * d) / (L * sqrt((W/2)^2 + d^2)) ]\n\nNow, we can plug in the given values:\n\nL = 0.5 m, W = 0.3 m, I = 2.5 A, d = 0.2 m, and μ₀ = 4π × 10^-7 Tm/A\n\nBz = (4π × 10^-7 Tm/A * 2.5 A * 0.3 m) / (4 * π) * [ (2 * 0.2 m) / (0.5 m * sqrt((0.3 m/2)^2 + (0.2 m)^2)) ]\n\nBz ≈ 1.5 × 10^-7 T\n\nSo, the magnetic field at point P is approximately 1.5 × 10^-7 T in the z-direction."
}