{
    "role_1": "Physicist_RoleType.ASSISTANT",
    "topic;": "General relativity",
    "sub_topic": "The gravitational redshift effect",
    "message_1": "A spaceship is on a journey to a distant planet. While passing through a region of intense gravitational field, one astronaut on the spaceship hovers near the surface of a neutron star while another astronaut stays at a safe distance. The astronaut near the neutron star sends a signal to the astronaut at a safe distance who measures the redshift of the signal. What is the time dilation experienced by the astronaut near the neutron star compared to the astronaut at a safe distance due to the gravitational redshift effect?",
    "message_2": "To calculate the time dilation experienced by the astronaut near the neutron star compared to the astronaut at a safe distance, we can use the formula for gravitational redshift:\n\n(1 + z) = (1 - 2GM/c^2R)^(-1/2)\n\nwhere z is the redshift, G is the gravitational constant, M is the mass of the neutron star, c is the speed of light, and R is the distance from the center of the neutron star to the astronaut near its surface.\n\nFirst, we need to know the mass of the neutron star (M), the distance from the center of the neutron star to the astronaut near its surface (R), and the redshift (z) measured by the astronaut at a safe distance.\n\nAssuming we have these values, we can plug them into the formula and solve for the time dilation factor (1 + z).\n\nFor example, let's say the mass of the neutron star is 1.4 times the mass of the Sun (M = 1.4 * 1.989 x 10^30 kg), the distance from the center of the neutron star to the astronaut near its surface is 10 km (R = 10,000 m), and the measured redshift is 0.2 (z = 0.2).\n\nNow we can plug these values into the formula:\n\n(1 + 0.2) = (1 - 2 * 6.674 x 10^-11 m^3 kg^-1 s^-2 * 1.4 * 1.989 x 10^30 kg / (3 x 10^8 m/s)^2 * 10,000 m)^(-1/2)\n\nSolving for the time dilation factor:\n\n1.2 = (1 - 2 * 6.674 x 10^-11 * 1.4 * 1.989 x 10^30 / (9 x 10^16) * 10,000)^(-1/2)\n\nNow, we can calculate the time dilation factor (1 + z) by solving the equation. In this example, the time dilation factor is approximately 1.2. This means that the time experienced by the astronaut near the neutron star is dilated by a factor of 1.2 compared to the astronaut at a safe distance."
}