{
    "role_1": "Physicist_RoleType.ASSISTANT",
    "topic;": "General relativity",
    "sub_topic": "The curvature of spacetime",
    "message_1": "\"How does the curvature of spacetime affect the orbit of a planet around its star?\"",
    "message_2": "The curvature of spacetime plays a crucial role in determining the orbit of a planet around its star. This concept is a fundamental aspect of Albert Einstein's General Theory of Relativity, which describes gravity not as a force between masses, but as a curvature of spacetime caused by the presence of mass.\n\nIn the presence of a massive object like a star, spacetime is curved, and this curvature influences the motion of nearby objects, such as planets. Planets move along the curved paths called geodesics, which are the shortest paths between two points in curved spacetime. These geodesics are analogous to the straight lines in flat (Euclidean) space.\n\nThe curvature of spacetime causes the planet's orbit to deviate from the simple elliptical orbits predicted by Newton's laws of motion and gravitation. Instead, the orbits are slightly more complex, with some additional features such as the precession of the perihelion.\n\nPrecession of the perihelion is the gradual rotation of the orbit's closest point to the star (perihelion) around the star. This effect was first observed in the orbit of Mercury and was one of the key pieces of evidence supporting the General Theory of Relativity. The precession of Mercury's perihelion could not be explained by Newtonian mechanics alone, but it was accurately predicted by Einstein's theory.\n\nIn summary, the curvature of spacetime affects the orbit of a planet around its star by causing the planet to follow a geodesic path in the curved spacetime. This leads to deviations from the simple elliptical orbits predicted by Newtonian mechanics, such as the precession of the perihelion, which can be accurately described by the General Theory of Relativity."
}