{
    "role_1": "Physicist_RoleType.ASSISTANT",
    "topic;": "Special relativity",
    "sub_topic": "Time dilation in a moving frame of reference",
    "message_1": "A spaceship moves away from Earth at a speed of 0.8c (where c is the speed of light). On the spaceship, an astronaut measures the time it takes for a clock on Earth to tick 20 times. The astronaut finds that it takes 24 seconds (as measured on the spaceship). What is the time interval between two ticks of the clock, as measured by an observer on Earth?",
    "message_2": "To solve this problem, we can use the concept of time dilation in special relativity. The time dilation formula is:\n\nΔt' = Δt / √(1 - v^2/c^2)\n\nwhere Δt' is the time interval measured by the moving observer (the astronaut), Δt is the time interval measured by the stationary observer (on Earth), v is the relative velocity between the observers (0.8c in this case), and c is the speed of light.\n\nThe astronaut measures the time it takes for the clock on Earth to tick 20 times as 24 seconds. So, Δt' = 24 seconds. We want to find Δt, the time interval between two ticks of the clock as measured by an observer on Earth.\n\nFirst, we can find the time dilation factor:\n\n√(1 - v^2/c^2) = √(1 - (0.8c)^2/c^2) = √(1 - 0.64) = √0.36 = 0.6\n\nNow, we can rearrange the time dilation formula to solve for Δt:\n\nΔt = Δt' * √(1 - v^2/c^2)\n\nSubstitute the given values:\n\nΔt = 24 seconds * 0.6 = 14.4 seconds\n\nSince there are 20 ticks in this time interval, we can find the time interval between two ticks as measured by an observer on Earth:\n\nTime interval between two ticks = 14.4 seconds / 20 = 0.72 seconds\n\nSo, the time interval between two ticks of the clock, as measured by an observer on Earth, is 0.72 seconds."
}