{
    "role_1": "Physicist_RoleType.ASSISTANT",
    "topic;": "Special relativity",
    "sub_topic": "Relativistic velocity addition",
    "message_1": "A spaceship travels at a speed of 0.6c relative to Earth. Another spaceship is moving at a speed of 0.8c relative to the first spaceship. What is the velocity of the second spaceship relative to Earth? Use relativistic velocity addition formula to solve the problem.",
    "message_2": "To find the velocity of the second spaceship relative to Earth, we will use the relativistic velocity addition formula:\n\nv = (v1 + v2) / (1 + (v1 * v2) / c^2)\n\nwhere v1 is the velocity of the first spaceship relative to Earth (0.6c), v2 is the velocity of the second spaceship relative to the first spaceship (0.8c), and c is the speed of light.\n\nv = (0.6c + 0.8c) / (1 + (0.6c * 0.8c) / c^2)\n\nv = (1.4c) / (1 + 0.48c^2 / c^2)\n\nv = (1.4c) / (1 + 0.48)\n\nv = (1.4c) / 1.48\n\nv = 0.9459c\n\nSo, the velocity of the second spaceship relative to Earth is approximately 0.9459c."
}