{
    "role_1": "Physicist_RoleType.ASSISTANT",
    "topic;": "Special relativity",
    "sub_topic": "Length contraction in a moving frame of reference",
    "message_1": "A physics student is traveling in a space vehicle moving at a velocity of 0.8c relative to an observer on Earth. The student measures the length of an object in the direction of motion and finds it to be 10 meters. What is the length of the same object as measured by the observer on Earth? (Assume the object is at rest relative to the observer on Earth.) How does this result illustrate the phenomenon of length contraction in a moving frame of reference according to special relativity?",
    "message_2": "To find the length of the object as measured by the observer on Earth, we need to use the concept of length contraction in special relativity. The formula for length contraction is:\n\nL = L0 * sqrt(1 - v^2/c^2)\n\nwhere L is the contracted length, L0 is the proper length (length measured by the observer at rest relative to the object), v is the relative velocity between the observer and the object, and c is the speed of light.\n\nIn this case, the contracted length L is given as 10 meters, and the relative velocity v is 0.8c. We need to solve for L0, the proper length.\n\n10 = L0 * sqrt(1 - (0.8c)^2/c^2)\n10 = L0 * sqrt(1 - 0.64)\n10 = L0 * sqrt(0.36)\n10 = L0 * 0.6\n\nNow, divide both sides by 0.6 to find L0:\n\nL0 = 10 / 0.6\nL0 ≈ 16.67 meters\n\nSo, the length of the object as measured by the observer on Earth is approximately 16.67 meters.\n\nThis result illustrates the phenomenon of length contraction in a moving frame of reference according to special relativity because the length of the object appears shorter (10 meters) when measured by the student in the moving space vehicle compared to the length measured by the observer on Earth (16.67 meters). This demonstrates that the length of an object contracts along the direction of motion as its relative velocity increases."
}