{
    "role_1": "Physicist_RoleType.ASSISTANT",
    "topic;": "Special relativity",
    "sub_topic": "Gravitational redshift",
    "message_1": "Calculate the gravitational redshift experienced by a clock located at the surface of a planet with a mass of 2.3 × 10^23 kg and a radius of 3 × 10^6 m, compared to a clock located at infinity. The clock on the surface of the planet runs slower due to the influence of gravity. Calculate the ratio of the time interval measured by the clock at the surface of the planet to the time interval measured by the clock at infinity.",
    "message_2": "To calculate the gravitational redshift, we can use the formula:\n\nΔν/ν = Δλ/λ = GM/c²R\n\nwhere Δν is the change in frequency, ν is the initial frequency, Δλ is the change in wavelength, λ is the initial wavelength, G is the gravitational constant (6.674 × 10^-11 m³/kg s²), M is the mass of the planet, c is the speed of light (3 × 10^8 m/s), and R is the radius of the planet.\n\nWe are interested in the ratio of the time interval measured by the clock at the surface of the planet (T_surface) to the time interval measured by the clock at infinity (T_infinity). Since frequency is the inverse of time, we can write the ratio as:\n\nT_surface/T_infinity = ν_infinity/ν_surface = 1 + Δν/ν\n\nNow, we can plug in the values for G, M, c, and R:\n\nΔν/ν = (6.674 × 10^-11 m³/kg s²)(2.3 × 10^23 kg)/((3 × 10^8 m/s)²(3 × 10^6 m))\n\nΔν/ν = (6.674 × 10^-11)(2.3 × 10^23)/((9 × 10^16)(3 × 10^6))\n\nΔν/ν = (1.534 × 10^13)/(2.7 × 10^23)\n\nΔν/ν ≈ 5.68 × 10^-11\n\nNow, we can find the ratio of the time intervals:\n\nT_surface/T_infinity = 1 + Δν/ν = 1 + 5.68 × 10^-11\n\nT_surface/T_infinity ≈ 1.0000000568\n\nSo, the time interval measured by the clock at the surface of the planet is approximately 1.0000000568 times the time interval measured by the clock at infinity. This means that the clock on the surface of the planet runs slightly slower due to the influence of gravity."
}