{
    "role_1": "Physicist_RoleType.ASSISTANT",
    "topic;": "Atomic physics",
    "sub_topic": "Calculation of the hyperfine structure in atomic spectra",
    "message_1": "What is the hyperfine structure energy splitting for the ground state of hydrogen atom due to the interaction between the electron spin and the nuclear spin? Use the appropriate formula and constants to calculate this value in joules.",
    "message_2": "The hyperfine structure energy splitting for the ground state of the hydrogen atom is due to the interaction between the electron spin and the nuclear spin. The formula to calculate this energy splitting is given by:\n\nΔE = (16/3) * (μ0 * hbar^2 * g_e * g_n * μ_B * μ_N) / (4 * π * a0^3)\n\nwhere:\nμ0 = 4π × 10^(-7) Tm/A (vacuum permeability)\nhbar = 1.0545718 × 10^(-34) Js (reduced Planck constant)\ng_e = 2.002319 (electron g-factor)\ng_n = 5.585694 (proton g-factor)\nμ_B = 9.274009 × 10^(-24) JT^(-1) (Bohr magneton)\nμ_N = 5.050783 × 10^(-27) JT^(-1) (nuclear magneton)\na0 = 5.291772 × 10^(-11) m (Bohr radius)\nπ = 3.14159265359\n\nNow, let's plug in the values and calculate the energy splitting:\n\nΔE = (16/3) * (4π × 10^(-7) * (1.0545718 × 10^(-34))^2 * 2.002319 * 5.585694 * (9.274009 × 10^(-24)) * (5.050783 × 10^(-27))) / (4 * π * (5.291772 × 10^(-11))^3)\n\nΔE ≈ 5.874 × 10^(-6) eV\n\nTo convert this value to joules, we can use the conversion factor 1 eV = 1.60218 × 10^(-19) J:\n\nΔE ≈ 5.874 × 10^(-6) * (1.60218 × 10^(-19)) J\n\nΔE ≈ 9.41 × 10^(-25) J\n\nSo, the hyperfine structure energy splitting for the ground state of the hydrogen atom due to the interaction between the electron spin and the nuclear spin is approximately 9.41 × 10^(-25) joules."
}