{
    "role_1": "Physicist_RoleType.ASSISTANT",
    "topic;": "Atomic physics",
    "sub_topic": "Calculation of the cross section for nuclear reactions",
    "message_1": "Calculate the cross section for the nuclear reaction between a neutron with energy 0.1 MeV and a uranium-235 nucleus in its ground state. Assume that the uranium-235 nucleus will capture the neutron and form an excited compound nucleus with an excitation energy of 6.23 MeV. Use the formula for the single-level Breit-Wigner resonance formula to calculate the cross section.",
    "message_2": "To calculate the cross section for the nuclear reaction between a neutron with energy 0.1 MeV and a uranium-235 nucleus, we can use the single-level Breit-Wigner resonance formula:\n\nσ(E) = (πħ²)/(2μE) * (Γ_n * Γ_f) / ((E - E_r)^2 + (Γ/2)^2)\n\nwhere:\n- σ(E) is the cross section at energy E\n- ħ is the reduced Planck constant (ħ = 1.0545718 × 10^(-34) J·s)\n- μ is the reduced mass of the neutron and uranium-235 nucleus system\n- E is the energy of the neutron (0.1 MeV)\n- Γ_n is the partial width for neutron capture\n- Γ_f is the partial width for the formation of the compound nucleus\n- E_r is the resonance energy\n- Γ is the total width of the resonance\n\nFirst, we need to convert the neutron energy from MeV to Joules:\n\nE = 0.1 MeV * (1.60218 × 10^(-13) J/MeV) = 1.60218 × 10^(-14) J\n\nNext, we need to calculate the reduced mass of the neutron and uranium-235 nucleus system. The mass of a neutron is approximately 1.008664915 amu, and the mass of uranium-235 is approximately 235.0439299 amu. We can convert these masses to kilograms using the conversion factor 1 amu = 1.66053906660 × 10^(-27) kg:\n\nm_neutron = 1.008664915 amu * (1.66053906660 × 10^(-27) kg/amu) = 1.674927498 × 10^(-27) kg\nm_uranium = 235.0439299 amu * (1.66053906660 × 10^(-27) kg/amu) = 3.903714206 × 10^(-25) kg\n\nNow we can calculate the reduced mass:\n\nμ = (m_neutron * m_uranium) / (m_neutron + m_uranium) = 1.672621927 × 10^(-27) kg\n\nWe are given the excitation energy of the compound nucleus (6.23 MeV), but we need the resonance energy E_r. Since we don't have enough information to calculate E_r, we will assume that E_r is approximately equal to the excitation energy:\n\nE_r = 6.23 MeV * (1.60218 × 10^(-13) J/MeV) = 9.9858414 × 10^(-13) J\n\nWe also don't have enough information to calculate the partial widths Γ_n and Γ_f, or the total width Γ. However, we can still write the formula for the cross section with these unknowns:\n\nσ(E) = (πħ²)/(2μE) * (Γ_n * Γ_f) / ((E - E_r)^2 + (Γ/2)^2)\n\nWithout the values for Γ_n, Γ_f, and Γ, we cannot calculate the exact cross section for this nuclear reaction. To obtain these values, one would need to consult experimental data or perform detailed nuclear structure calculations."
}