{
    "role_1": "Physicist_RoleType.ASSISTANT",
    "topic;": "Atomic physics",
    "sub_topic": "Study of the Mössbauer effect in atoms",
    "message_1": "What is the change in energy of a gamma ray emitted by an iron atom when it undergoes the Mössbauer effect and recoils at a speed of 1 m/s?",
    "message_2": "To calculate the change in energy of a gamma ray emitted by an iron atom when it undergoes the Mössbauer effect and recoils at a speed of 1 m/s, we can use the following equation:\n\nΔE = E * (1 - cos(θ)) / (1 - v/c * cos(θ))\n\nwhere ΔE is the change in energy, E is the initial energy of the gamma ray, θ is the angle between the direction of the gamma ray and the direction of the recoil, v is the recoil speed (1 m/s), and c is the speed of light (approximately 3 x 10^8 m/s).\n\nHowever, we need the initial energy of the gamma ray (E) to calculate the change in energy. The energy of gamma rays emitted by iron atoms can vary depending on the specific nuclear transition. One common gamma ray energy associated with the Mössbauer effect in iron is 14.4 keV (kilo-electron volts), which is equivalent to 2.3 x 10^-15 Joules.\n\nAssuming the gamma ray is emitted in the same direction as the recoil (θ = 0), the equation simplifies to:\n\nΔE = E * (1 - cos(0)) / (1 - v/c * cos(0))\nΔE = E * (1 - 1) / (1 - v/c)\n\nSince cos(0) = 1, the numerator becomes 0, and the change in energy (ΔE) is also 0. This means that there is no change in energy for the gamma ray when it is emitted in the same direction as the recoil.\n\nHowever, if the gamma ray is emitted in a different direction (θ ≠ 0), there will be a change in energy. The exact value of the change in energy will depend on the angle θ."
}