{
    "role_1": "Physicist_RoleType.ASSISTANT",
    "topic;": "Atomic physics",
    "sub_topic": "Study of the Bethe-Bloch formula for energy loss of charged particles in matter",
    "message_1": "Calculate the energy loss of a 2 MeV alpha particle as it passes through a thin film of aluminum. The thickness of the film is 100 nm and the density of aluminum is 2.7 g/cm^3. Use the Bethe-Bloch formula to calculate the energy loss per unit length of the aluminum film, and then use this value to calculate the total energy loss of the alpha particle as it passes through the film.",
    "message_2": "The Bethe-Bloch formula describes the energy loss per unit length of a charged particle as it passes through a material. The formula is given by:\n\ndE/dx = -K * z^2 * Z/A * (1/beta^2) * [0.5 * ln(2 * me * c^2 * beta^2 * gamma^2 * Tmax/I^2) - beta^2]\n\nwhere:\n- dE/dx is the energy loss per unit length\n- K is a constant equal to 4πNAre^2me*c^2, where NA is Avogadro's number, re is the classical electron radius, me is the electron mass, and c is the speed of light\n- z is the charge of the incident particle (in units of the elementary charge)\n- Z is the atomic number of the material\n- A is the atomic mass of the material (in g/mol)\n- beta is the velocity of the incident particle relative to the speed of light (v/c)\n- gamma is the Lorentz factor, given by 1/sqrt(1-beta^2)\n- Tmax is the maximum kinetic energy transferable to a free electron in a single collision\n- I is the mean excitation energy of the material\n\nFor an alpha particle (helium nucleus) with an energy of 2 MeV, we have:\n- z = 2 (since an alpha particle has 2 protons)\n- Z = 13 (for aluminum)\n- A = 26.98 g/mol (for aluminum)\n- I = 166 eV (for aluminum, from tables)\n\nFirst, we need to calculate the velocity (beta) and Lorentz factor (gamma) for the alpha particle. The kinetic energy of the alpha particle is given by:\n\nE = 2 MeV = 2 * 10^6 eV\n\nThe rest mass energy of an alpha particle is:\n\nE0 = 2 * (proton mass) + 2 * (neutron mass) = 2 * 938.272 MeV + 2 * 939.565 MeV = 3755.674 MeV\n\nThe total energy of the alpha particle is:\n\nE_total = E + E0 = 2 * 10^6 eV + 3755.674 * 10^6 eV = 3757.674 * 10^6 eV\n\nNow we can calculate gamma:\n\ngamma = E_total / E0 = 3757.674 / 3755.674 = 1.000533\n\nAnd beta:\n\nbeta = sqrt(1 - 1/gamma^2) = sqrt(1 - 1/1.000533^2) = 0.0134\n\nNow we can calculate Tmax:\n\nTmax = (2 * me * c^2 * beta^2 * gamma^2) / (1 + 2 * gamma * me * c^2 / (2 * z * 938.272 * 10^6 eV) + (me * c^2 / (2 * z * 938.272 * 10^6 eV))^2)\n\nPlugging in the values:\n\nTmax = (2 * 0.511 * 10^6 eV * 0.0134^2 * 1.000533^2) / (1 + 2 * 1.000533 * 0.511 * 10^6 eV / (2 * 2 * 938.272 * 10^6 eV) + (0.511 * 10^6 eV / (2 * 2 * 938.272 * 10^6 eV))^2) = 0.000121 * 10^6 eV\n\nNow we can calculate dE/dx using the Bethe-Bloch formula:\n\ndE/dx = -K * z^2 * Z/A * (1/beta^2) * [0.5 * ln(2 * me * c^2 * beta^2 * gamma^2 * Tmax/I^2) - beta^2]\n\nThe constant K is approximately equal to 0.307075 MeV * mol / g. Plugging in the values:\n\ndE/dx = -0.307075 * 2^2 * 13/26.98 * (1/0.0134^2) * [0.5 * ln(2 * 0.511 * 10^6 * 0.0134^2 * 1.000533^2 * 0.000121 * 10^6 / 166^2) - 0.0134^2] = -1.225 MeV/cm\n\nNow we can calculate the total energy loss as the alpha particle passes through the 100 nm aluminum film:\n\nEnergy_loss = dE/dx * thickness = -1.225 MeV/cm * 100 nm * (1 cm / 10^7 nm) = -1.225 * 10^-5 MeV\n\nThe energy loss of the 2 MeV alpha particle as it passes through the 100 nm aluminum film is approximately 1.225 * 10^-5 MeV."
}