{
    "role_1": "Physicist_RoleType.ASSISTANT",
    "topic;": "Nuclear physics",
    "sub_topic": "Nuclear reactions and cross sections",
    "message_1": "What is the cross section of a nucleus of uranium-235 for a neutron with an energy of 1 MeV? Show your calculation and express the result in units of barns (1 barn = 10^-24 square cm).",
    "message_2": "To calculate the cross section of a nucleus of uranium-235 for a neutron with an energy of 1 MeV, we need to use the following formula:\n\nσ = πR²\n\nwhere σ is the cross section, and R is the nuclear radius. The nuclear radius can be calculated using the formula:\n\nR = r₀A^(1/3)\n\nwhere r₀ is a constant with a value of approximately 1.2 fm (1 fm = 10^-15 m), and A is the mass number of the nucleus (in this case, A = 235 for uranium-235).\n\nFirst, let's calculate the nuclear radius R:\n\nR = (1.2 fm)(235^(1/3))\nR ≈ (1.2 fm)(6.1)\nR ≈ 7.3 fm\n\nNow, we can calculate the cross section σ:\n\nσ = π(7.3 fm)²\nσ ≈ 167.4 fm²\n\nNow, we need to convert the cross section from fm² to barns. Since 1 barn = 100 fm², we have:\n\nσ ≈ 167.4 fm² * (1 barn / 100 fm²)\nσ ≈ 1.674 barns\n\nSo, the cross section of a nucleus of uranium-235 for a neutron with an energy of 1 MeV is approximately 1.674 barns."
}