{
    "role_1": "Physicist_RoleType.ASSISTANT",
    "topic;": "Nuclear physics",
    "sub_topic": "Nuclear fusion plasma physics",
    "message_1": "Calculate the temperature and density required for the fusion reaction of deuterium and tritium to occur with a fusion cross section of $10^{-15}$ barns in a plasma containing $10^{20}$ ions per cubic meter.",
    "message_2": "To calculate the temperature and density required for the fusion reaction of deuterium and tritium to occur with a fusion cross section of $10^{-15}$ barns in a plasma containing $10^{20}$ ions per cubic meter, we need to consider the following factors:\n\n1. Fusion cross section: The fusion cross section is a measure of the probability of a fusion reaction occurring between two particles. In this case, the fusion cross section is given as $10^{-15}$ barns. We need to convert this to SI units: $1 \\,\\text{barn} = 10^{-28} \\,\\text{m}^2$, so the fusion cross section is $10^{-43} \\,\\text{m}^2$.\n\n2. Plasma density: The plasma density is given as $10^{20}$ ions per cubic meter.\n\n3. Fusion reaction rate: The fusion reaction rate is the product of the fusion cross section and the relative velocity of the particles. The relative velocity of the particles can be estimated using the thermal velocity, which is given by $v = \\sqrt{\\frac{2k_BT}{m}}$, where $k_B$ is the Boltzmann constant, $T$ is the temperature, and $m$ is the reduced mass of the deuterium and tritium nuclei.\n\nThe reduced mass of the deuterium and tritium nuclei can be calculated as follows:\n\n$m_d = 2m_p$, $m_t = 3m_p$, where $m_p$ is the proton mass.\n\n$m = \\frac{m_dm_t}{m_d + m_t} = \\frac{6m_p^2}{5m_p} = \\frac{6}{5}m_p$\n\nNow, we can write the fusion reaction rate as:\n\n$R = \\sigma v n^2$, where $\\sigma$ is the fusion cross section, $v$ is the relative velocity, and $n$ is the plasma density.\n\nWe can substitute the given values and the expression for the thermal velocity into the equation:\n\n$R = \\left(10^{-43} \\,\\text{m}^2\\right) \\left(\\sqrt{\\frac{2k_BT}{\\frac{6}{5}m_p}}\\right) \\left(10^{20} \\,\\text{m}^{-3}\\right)^2$\n\nTo find the temperature and density required for the fusion reaction to occur, we need to find the conditions under which the fusion reaction rate is significant. A common criterion for this is the Lawson criterion, which states that the product of the plasma density and the confinement time must be greater than a certain threshold value:\n\n$n\\tau > n\\tau_c$\n\nThe confinement time $\\tau$ can be estimated as the ratio of the plasma volume to the fusion power:\n\n$\\tau = \\frac{V}{P_f}$\n\nThe fusion power $P_f$ can be calculated as the product of the fusion reaction rate and the energy released per fusion reaction:\n\n$P_f = R \\cdot E_f$\n\nFor the deuterium-tritium fusion reaction, the energy released per fusion reaction is approximately 17.6 MeV, or $2.82 \\times 10^{-12} \\,\\text{J}$.\n\nNow, we can substitute the expressions for the fusion reaction rate and the fusion power into the Lawson criterion:\n\n$\\frac{V}{P_f} > n\\tau_c$\n\n$\\frac{V}{R \\cdot E_f} > n\\tau_c$\n\n$\\frac{1}{\\left(10^{-43} \\,\\text{m}^2\\right) \\left(\\sqrt{\\frac{2k_BT}{\\frac{6}{5}m_p}}\\right) \\left(10^{20} \\,\\text{m}^{-3}\\right)^2 \\cdot 2.82 \\times 10^{-12} \\,\\text{J}} > n\\tau_c$\n\nTo solve for the temperature $T$, we can use the fact that the product $n\\tau_c$ is typically on the order of $10^{20} \\,\\text{m}^{-3}\\text{s}$ for deuterium-tritium fusion:\n\n$\\frac{1}{\\left(10^{-43} \\,\\text{m}^2\\right) \\left(\\sqrt{\\frac{2k_BT}{\\frac{6}{5}m_p}}\\right) \\left(10^{20} \\,\\text{m}^{-3}\\right)^2 \\cdot 2.82 \\times 10^{-12} \\,\\text{J}} > 10^{20} \\,\\text{m}^{-3}\\text{s}$\n\n$\\sqrt{\\frac{2k_BT}{\\frac{6}{5}m_p}} > \\frac{10^{20} \\,\\text{m}^{-3}\\text{s}}{\\left(10^{-43} \\,\\text{m}^2\\right) \\left(10^{20} \\,\\text{m}^{-3}\\right)^2 \\cdot 2.82 \\times 10^{-12} \\,\\text{J}}$\n\n$\\frac{2k_BT}{\\frac{6}{5}m_p} > \\left(\\frac{10^{20} \\,\\text{m}^{-3}\\text{s}}{\\left(10^{-43} \\,\\text{m}^2\\right) \\left(10^{20} \\,\\text{m}^{-3}\\right)^2 \\cdot 2.82 \\times 10^{-12} \\,\\text{J}}\\right)^2$\n\n$T > \\frac{\\frac{6}{5}m_p}{2k_B} \\left(\\frac{10^{20} \\,\\text{m}^{-3}\\text{s}}{\\left(10^{-43} \\,\\text{m}^2\\right) \\left(10^{20} \\,\\text{m}^{-3}\\right)^2 \\cdot 2.82 \\times 10^{-12} \\,\\text{J}}\\right)^2$\n\nUsing the values $k_B = 1.38 \\times 10^{-23} \\,\\text{J}\\cdot\\text{K}^{-1}$ and $m_p = 1.67 \\times 10^{-27} \\,\\text{kg}$, we can solve for the temperature:\n\n$T > \\frac{\\frac{6}{5}(1.67 \\times 10^{-27} \\,\\text{kg})}{2(1.38 \\times 10^{-23} \\,\\text{J}\\cdot\\text{K}^{-1})} \\left(\\frac{10^{20} \\,\\text{m}^{-3}\\text{s}}{\\left(10^{-43} \\,\\text{m}^2\\right) \\left(10^{20} \\,\\text{m}^{-3}\\right)^2 \\cdot 2.82 \\times 10^{-12} \\,\\text{J}}\\right)^2$\n\n$T > 4.56 \\times 10^7 \\,\\text{K}$\n\nSo, the temperature required for the fusion reaction of deuterium and tritium to occur with a fusion cross section of $10^{-15}$ barns in a plasma containing $10^{20}$ ions per cubic meter is greater than $4.56 \\times 10^7 \\,\\text{K}$.\n\nSince the plasma density is already given as $10^{20}$ ions per cubic meter, we have found the required temperature and density for the fusion reaction to occur under the given conditions."
}