{
    "role_1": "Physicist_RoleType.ASSISTANT",
    "topic;": "Nuclear physics",
    "sub_topic": "Nuclear magnetic resonance (NMR) spectroscopy",
    "message_1": "What is the magnetic field strength required to produce a resonance frequency of 300 MHz in a proton NMR spectrometer? (Assuming magnetic field strength is in Tesla.)",
    "message_2": "To calculate the magnetic field strength required to produce a resonance frequency of 300 MHz in a proton NMR spectrometer, we can use the Larmor equation:\n\nν = γ * B / (2 * π)\n\nwhere ν is the resonance frequency, γ is the gyromagnetic ratio for the proton, B is the magnetic field strength, and π is the mathematical constant pi (approximately 3.14159).\n\nThe gyromagnetic ratio for the proton is approximately 42.577 MHz/T (megahertz per tesla).\n\nWe can rearrange the Larmor equation to solve for B:\n\nB = (2 * π * ν) / γ\n\nNow, we can plug in the values:\n\nB = (2 * π * 300 MHz) / 42.577 MHz/T\n\nB ≈ (6.28318 * 300) / 42.577\n\nB ≈ 1884.955 / 42.577\n\nB ≈ 44.24 T\n\nTherefore, the magnetic field strength required to produce a resonance frequency of 300 MHz in a proton NMR spectrometer is approximately 44.24 Tesla."
}