{
    "role_1": "Physicist_RoleType.ASSISTANT",
    "topic;": "Particle physics",
    "sub_topic": "The search for lepton flavor violation in rare decays",
    "message_1": "What is the probability of lepton flavor violation occurring in the rare decay of a neutral B meson into a τ lepton and an electron, and how does it compare to the probability of non-lepton flavor violating decay?",
    "message_2": "Lepton flavor violation (LFV) is a phenomenon in which a lepton changes its flavor, for example, an electron transforming into a muon or a tau lepton. In the Standard Model of particle physics, LFV is highly suppressed and practically negligible. However, some extensions of the Standard Model, such as supersymmetry or models with heavy neutrinos, predict a higher probability of LFV.\n\nThe decay of a neutral B meson (B0) into a τ lepton and an electron (B0 → τ e) is an example of LFV. This decay is highly suppressed in the Standard Model, and its branching ratio (the probability of this decay occurring) is predicted to be less than 10^(-15). This is an extremely small probability, making it challenging to observe experimentally.\n\nIn comparison, non-lepton flavor violating decays, such as B0 → τ τ or B0 → e e, are allowed in the Standard Model and have much higher branching ratios. For example, the branching ratio for B0 → τ τ is around 10^(-7), while the branching ratio for B0 → e e is around 10^(-14). These probabilities are still small, but they are significantly larger than the LFV decay probability.\n\nIn summary, the probability of lepton flavor violation occurring in the rare decay of a neutral B meson into a τ lepton and an electron is extremely small in the Standard Model, with a branching ratio less than 10^(-15). This probability is much smaller than the probabilities of non-lepton flavor violating decays, such as B0 → τ τ or B0 → e e, which have branching ratios of around 10^(-7) and 10^(-14), respectively."
}