{
    "role_1": "Physicist_RoleType.ASSISTANT",
    "topic;": "Particle physics",
    "sub_topic": "The study of the properties of the charm and bottom quarks",
    "message_1": "What are the masses of charm and bottom quarks, and how do they interact with other particles in the Standard Model of particle physics?",
    "message_2": "The charm quark (c) and bottom quark (b) are two of the six types of quarks in the Standard Model of particle physics. They are part of the second and third generations of quarks, respectively.\n\nThe charm quark has a mass of approximately 1.28 GeV/c² (giga-electronvolts divided by the speed of light squared), while the bottom quark has a mass of approximately 4.18 GeV/c². These values are subject to experimental uncertainties and may vary slightly depending on the source.\n\nIn the Standard Model, quarks interact with other particles through three fundamental forces: the strong nuclear force, the weak nuclear force, and the electromagnetic force. The strong nuclear force is mediated by particles called gluons, which bind quarks together to form protons, neutrons, and other hadrons. The weak nuclear force is responsible for processes like beta decay and is mediated by W and Z bosons. The electromagnetic force is mediated by photons and affects particles with an electric charge.\n\nBoth charm and bottom quarks have an electric charge of +2/3 e (where e is the elementary charge). They participate in strong interactions via gluons, weak interactions via W and Z bosons, and electromagnetic interactions via photons. Additionally, charm and bottom quarks can change into other types of quarks through weak interactions, which involve the exchange of W bosons. This process is known as flavor-changing and is described by the Cabibbo-Kobayashi-Maskawa (CKM) matrix, which provides the probabilities for quark transitions between different generations."
}