{
    "role_1": "Physicist_RoleType.ASSISTANT",
    "topic;": "Fluid mechanics",
    "sub_topic": "Fluid instabilities and turbulence modeling",
    "message_1": "\"What is the Reynolds number for a water flow with a velocity of 2 m/s through a pipe with a diameter of 0.15 meters and a kinematic viscosity of 1x10^-6 m^2/s?\"",
    "message_2": "The Reynolds number (Re) is a dimensionless quantity used to predict the flow patterns in fluid systems, such as the transition from laminar to turbulent flow. It is defined as the ratio of inertial forces to viscous forces and can be calculated using the following formula:\n\nRe = (ρ * V * D) / μ\n\nwhere:\nρ = fluid density (kg/m³)\nV = flow velocity (m/s)\nD = pipe diameter (m)\nμ = dynamic viscosity (kg/(m·s))\n\nHowever, since we are given the kinematic viscosity (ν) instead of dynamic viscosity (μ), we can use an alternative formula for the Reynolds number:\n\nRe = (V * D) / ν\n\nwhere:\nν = kinematic viscosity (m²/s)\n\nGiven the problem statement, we have:\n\nV = 2 m/s\nD = 0.15 m\nν = 1x10^-6 m²/s\n\nNow, we can calculate the Reynolds number:\n\nRe = (2 * 0.15) / (1x10^-6)\nRe = 0.3 / (1x10^-6)\nRe = 300,000\n\nThe Reynolds number for this water flow is 300,000."
}