{
    "role_1": "Physicist_RoleType.ASSISTANT",
    "topic;": "Fluid mechanics",
    "sub_topic": "Microfluidics and lab-on-a-chip devices",
    "message_1": "What is the minimum length of a microchannel that is required in a lab-on-a-chip device to achieve laminar flow at a flow rate of 1 µL/min, assuming water as the working fluid? Also, calculate the pressure drop across the channel.",
    "message_2": "To calculate the minimum length of a microchannel required to achieve laminar flow, we need to consider the Reynolds number (Re). Laminar flow occurs when Re is less than or equal to 2000. The Reynolds number is given by:\n\nRe = (ρ * v * D_h) / μ\n\nwhere ρ is the fluid density (for water, ρ = 1000 kg/m³), v is the fluid velocity, D_h is the hydraulic diameter of the channel, and μ is the dynamic viscosity of the fluid (for water, μ = 8.9 x 10⁻⁴ Pa·s at 25°C).\n\nFirst, we need to find the fluid velocity (v). The flow rate (Q) is given as:\n\nQ = 1 µL/min = 1 x 10⁻⁶ m³/min = 1.67 x 10⁻⁸ m³/s\n\nAssuming the microchannel has a rectangular cross-section with width (w) and height (h), the cross-sectional area (A) is:\n\nA = w * h\n\nThe fluid velocity (v) can be calculated as:\n\nv = Q / A\n\nNow, let's assume the hydraulic diameter (D_h) for a rectangular channel:\n\nD_h = (2 * w * h) / (w + h)\n\nWe need more information about the channel's dimensions (width and height) to proceed with the calculations. Please provide the width and height of the microchannel."
}