{
    "role_1": "Physicist_RoleType.ASSISTANT",
    "topic;": "Fluid mechanics",
    "sub_topic": "Rheology and non-Newtonian fluids",
    "message_1": "A fluid dynamics researcher is studying the flow behavior of a non-Newtonian fluid with a power law model, where the shear stress (τ) is proportional to the strain rate raised to a power of n. The researcher has measured the concentration (c) and power law index (n) of the fluid, and now needs to determine the consistency index (k), which represents the fluid's resistance to flow. What equation can the researcher use to calculate the consistency index (k) of the non-Newtonian fluid based on the measured concentration (c), power law index (n), and a known shear stress value (τ)?",
    "message_2": "The researcher can use the power law model equation to calculate the consistency index (k) of the non-Newtonian fluid. The power law model equation is:\n\nτ = k * (du/dy)^n\n\nwhere τ is the shear stress, k is the consistency index, du/dy is the strain rate (also represented as γ̇), and n is the power law index.\n\nTo find the consistency index (k), the researcher can rearrange the equation as follows:\n\nk = τ / (du/dy)^n\n\nThe researcher needs to measure the shear stress (τ) and strain rate (du/dy) at a specific concentration (c) of the fluid, as well as determine the power law index (n) for the fluid. With these values, the researcher can then calculate the consistency index (k) using the equation above."
}