{
    "role_1": "Physicist_RoleType.ASSISTANT",
    "topic;": "Fluid mechanics",
    "sub_topic": "Turbulent flow and Reynolds number",
    "message_1": "A pipeline of diameter 10cm carries water at a flow rate of 10L/s. Determine if the flow is laminar or turbulent and calculate the Reynolds number. (Assume water at a temperature of 20°C and a density of 1000 kg/m³ with a viscosity of 0.001 Pa·s.)",
    "message_2": "To determine if the flow is laminar or turbulent, we need to calculate the Reynolds number (Re). The Reynolds number is a dimensionless quantity that describes the ratio of inertial forces to viscous forces in a fluid flow. It is given by the formula:\n\nRe = (ρ * v * D) / μ\n\nwhere ρ is the fluid density, v is the flow velocity, D is the pipe diameter, and μ is the dynamic viscosity of the fluid.\n\nFirst, we need to find the flow velocity (v). We are given the flow rate (Q) as 10 L/s, which we need to convert to m³/s:\n\nQ = 10 L/s * (1 m³ / 1000 L) = 0.01 m³/s\n\nThe flow velocity can be calculated using the formula:\n\nv = Q / A\n\nwhere A is the cross-sectional area of the pipe. The area of the pipe can be calculated using the formula for the area of a circle:\n\nA = π * (D/2)²\n\nThe diameter (D) is given as 10 cm, which we need to convert to meters:\n\nD = 10 cm * (1 m / 100 cm) = 0.1 m\n\nNow we can calculate the area:\n\nA = π * (0.1/2)² = 0.00785 m²\n\nNow we can find the flow velocity:\n\nv = 0.01 m³/s / 0.00785 m² = 1.273 m/s\n\nNow we have all the values needed to calculate the Reynolds number:\n\nRe = (ρ * v * D) / μ\nRe = (1000 kg/m³ * 1.273 m/s * 0.1 m) / 0.001 Pa·s\nRe = 127300\n\nThe Reynolds number is 127300. Generally, a Reynolds number below 2000 indicates laminar flow, and a Reynolds number above 4000 indicates turbulent flow. In this case, the flow is turbulent."
}