{
    "role_1": "Physicist_RoleType.ASSISTANT",
    "topic;": "Fluid mechanics",
    "sub_topic": "Hydrostatic pressure and buoyancy",
    "message_1": "A spherical ball bearing with a diameter of 5 cm and a density of 7.8 g/cm³ is dropped into a container of water. If the water level in the container rises by 2 cm, what is the buoyant force on the ball bearing?",
    "message_2": "To find the buoyant force on the ball bearing, we first need to find the volume of water displaced by the ball bearing when it is submerged. We know that the water level rises by 2 cm, so we can use this information to find the volume of the displaced water.\n\n1. Find the volume of the ball bearing:\nThe volume V of a sphere can be calculated using the formula V = (4/3)πr³, where r is the radius of the sphere.\n\nThe diameter of the ball bearing is 5 cm, so its radius is 2.5 cm.\n\nV = (4/3)π(2.5)³\nV ≈ 65.45 cm³\n\n2. Find the volume of the displaced water:\nSince the water level rises by 2 cm, we can assume that the volume of the displaced water is equal to the volume of the ball bearing.\n\nVolume of displaced water = 65.45 cm³\n\n3. Calculate the mass of the displaced water:\nWe know that the density of water is 1 g/cm³. To find the mass of the displaced water, we can use the formula mass = density × volume.\n\nMass of displaced water = 1 g/cm³ × 65.45 cm³\nMass of displaced water = 65.45 g\n\n4. Calculate the buoyant force on the ball bearing:\nThe buoyant force can be calculated using Archimedes' principle, which states that the buoyant force on an object submerged in a fluid is equal to the weight of the fluid displaced by the object. The weight of the fluid can be calculated using the formula weight = mass × gravitational acceleration, where the gravitational acceleration is approximately 9.81 m/s².\n\nFirst, we need to convert the mass of the displaced water from grams to kilograms:\n\n65.45 g = 0.06545 kg\n\nNow, we can calculate the weight of the displaced water:\n\nWeight of displaced water = 0.06545 kg × 9.81 m/s²\nWeight of displaced water ≈ 0.6417 N\n\nTherefore, the buoyant force on the ball bearing is approximately 0.6417 N."
}