{
    "role_1": "Physicist_RoleType.ASSISTANT",
    "topic;": "Fluid mechanics",
    "sub_topic": "Microfluidics and lab-on-a-chip devices",
    "message_1": "Determine the flow rate of a fluid through a microchannel with a rectangular cross-section of width 100 micrometers and height 50 micrometers, when a pressure difference of 200 kPa is applied across the channel. The fluid has a viscosity of 0.001 Pa.s and is assumed to be incompressible.",
    "message_2": "To determine the flow rate of the fluid through the microchannel, we can use the Hagen-Poiseuille equation for a rectangular cross-section. The equation is given by:\n\nQ = (h^3 * w * ΔP) / (12 * μ * L)\n\nwhere Q is the flow rate, h is the height of the channel, w is the width of the channel, ΔP is the pressure difference, μ is the dynamic viscosity of the fluid, and L is the length of the channel.\n\nHowever, we don't have the length of the channel (L) given in the problem. We can still find the flow rate per unit length of the channel, which will be given by:\n\nQ_per_unit_length = (h^3 * w * ΔP) / (12 * μ)\n\nNow, let's plug in the given values:\n\nh = 50 micrometers = 50 * 10^(-6) meters\nw = 100 micrometers = 100 * 10^(-6) meters\nΔP = 200 kPa = 200 * 10^3 Pa\nμ = 0.001 Pa.s\n\nQ_per_unit_length = ( (50 * 10^(-6))^3 * (100 * 10^(-6)) * (200 * 10^3) ) / (12 * 0.001)\n\nQ_per_unit_length = ( (1.25 * 10^(-16)) * (10 * 10^(-6)) * (200 * 10^3) ) / (12 * 0.001)\n\nQ_per_unit_length = (2.5 * 10^(-11) * 200000) / 0.012\n\nQ_per_unit_length = 4.16666667 * 10^(-6) m^3/s per meter\n\nSo, the flow rate of the fluid through the microchannel per unit length is approximately 4.17 * 10^(-6) m^3/s per meter. To find the actual flow rate, we would need the length of the channel."
}