{
    "role_1": "Physicist_RoleType.ASSISTANT",
    "topic;": "Fluid mechanics",
    "sub_topic": "Environmental fluid mechanics and pollution transport",
    "message_1": "What is the concentration of a pollutant at a certain distance downstream from a point source discharge in a river with a given flow rate and mixing coefficient, assuming steady-state conditions and neglecting dispersion?",
    "message_2": "To solve this problem, we can use the one-dimensional advection-diffusion equation, which describes the transport of a pollutant in a river. Under steady-state conditions and neglecting dispersion, the equation simplifies to:\n\n∂(c*u)/∂x = ∂(D*∂c/∂x)/∂x\n\nwhere:\n- c is the concentration of the pollutant (in mass/volume, e.g., mg/L)\n- u is the flow velocity of the river (in length/time, e.g., m/s)\n- x is the distance downstream from the point source discharge (in length, e.g., m)\n- D is the mixing coefficient (in length^2/time, e.g., m^2/s)\n\nSince we are assuming steady-state conditions, the time derivative term is zero, and the equation becomes:\n\nu*∂c/∂x = D*∂²c/∂x²\n\nTo solve this equation, we need to know the boundary conditions. Let's assume that the pollutant is being discharged at a constant rate (Q) at the point source (x = 0), and the concentration of the pollutant approaches zero as x approaches infinity.\n\nBoundary conditions:\n1. c(0) = Q/(u*A), where A is the cross-sectional area of the river\n2. lim(x→∞) c(x) = 0\n\nNow we can solve the simplified advection-diffusion equation with these boundary conditions. The solution to this equation is:\n\nc(x) = (Q/(u*A)) * exp(-u*x/D)\n\nThis equation gives the concentration of the pollutant at a certain distance (x) downstream from the point source discharge in the river, assuming steady-state conditions and neglecting dispersion."
}