{
    "role_1": "Physicist_RoleType.ASSISTANT",
    "topic;": "Fluid mechanics",
    "sub_topic": "Fluid statics and pressure measurement",
    "message_1": "A rectangular tank measures 2 meters in length, 1.5 meters in width, and 2 meters in height. If the tank is filled with water, determine the pressure at the bottom of the tank and the total force exerted on the bottom of the tank. (Assume the density of water is 1000 kg/m^3 and acceleration due to gravity is 9.81 m/s^2.)",
    "message_2": "To determine the pressure at the bottom of the tank, we can use the formula for hydrostatic pressure:\n\nP = ρgh\n\nwhere P is the pressure, ρ (rho) is the density of the fluid (in this case, water), g is the acceleration due to gravity, and h is the height of the fluid column.\n\nGiven the density of water (ρ) is 1000 kg/m^3 and the acceleration due to gravity (g) is 9.81 m/s^2, we can calculate the pressure at the bottom of the tank:\n\nP = (1000 kg/m^3)(9.81 m/s^2)(2 m)\nP = 19620 kg m/s^2 m^2\nP = 19620 Pa (Pascals)\n\nNow, to determine the total force exerted on the bottom of the tank, we can use the formula:\n\nF = PA\n\nwhere F is the force, P is the pressure, and A is the area of the bottom surface of the tank.\n\nThe area of the bottom surface of the tank can be calculated as:\n\nA = length × width\nA = (2 m)(1.5 m)\nA = 3 m^2\n\nNow, we can calculate the total force exerted on the bottom of the tank:\n\nF = (19620 Pa)(3 m^2)\nF = 58860 N (Newtons)\n\nSo, the pressure at the bottom of the tank is 19620 Pa, and the total force exerted on the bottom of the tank is 58860 N."
}