{
    "role_1": "Physicist_RoleType.ASSISTANT",
    "topic;": "Fluid mechanics",
    "sub_topic": "Fluid instabilities and turbulence modeling",
    "message_1": "A 2-dimensional fluid flow is modeled using the Navier-Stokes equations with the Boussinesq approximation to account for temperature variations. The aspect ratio of the flow is 3:1 and the Reynolds number is 1000. Determine the onset of instability for the flow and compare it to the critical Reynolds number for a 2-dimensional channel flow with the same aspect ratio.",
    "message_2": "To determine the onset of instability for the flow, we need to consider the Rayleigh-Bénard convection problem, which is a simplified version of the Navier-Stokes equations with the Boussinesq approximation. The critical Rayleigh number (Ra_c) is a dimensionless parameter that characterizes the onset of convection in a fluid layer heated from below. For a 2-dimensional flow with an aspect ratio of 3:1, the critical Rayleigh number can be found using the following formula:\n\nRa_c = (pi^2) * (1 + (aspect ratio)^2)\n\nIn this case, the aspect ratio is 3:1, so:\n\nRa_c = (pi^2) * (1 + 3^2) = (pi^2) * 10 ≈ 98.696\n\nNow, we need to compare this to the critical Reynolds number for a 2-dimensional channel flow with the same aspect ratio. The critical Reynolds number (Re_c) for a 2-dimensional channel flow can be found using the following formula:\n\nRe_c = (pi^2) * (1 + (aspect ratio)^2) / 2\n\nAgain, the aspect ratio is 3:1, so:\n\nRe_c = (pi^2) * (1 + 3^2) / 2 = (pi^2) * 10 / 2 ≈ 49.348\n\nNow, we can compare the onset of instability for the given flow (Re = 1000) to the critical Reynolds number for a 2-dimensional channel flow with the same aspect ratio (Re_c ≈ 49.348). Since the given Reynolds number (1000) is much larger than the critical Reynolds number (49.348), we can conclude that the flow is unstable and will likely transition to turbulence."
}