{
    "role_1": "Physicist_RoleType.ASSISTANT",
    "topic;": "Solid state physics",
    "sub_topic": "Investigation of the thermoelectric properties of a material",
    "message_1": "What is the effect of doping concentration on the thermoelectric figure of merit (ZT) of a semiconductor material? Investigate the thermoelectric properties of a doped semiconductor material at different doping concentrations and analyze the relationship between ZT and doping concentration.",
    "message_2": "The thermoelectric figure of merit (ZT) is a dimensionless parameter that characterizes the efficiency of a thermoelectric material in converting heat energy into electrical energy. It is given by the formula:\n\nZT = (S^2 * σ * T) / κ\n\nwhere S is the Seebeck coefficient, σ is the electrical conductivity, T is the absolute temperature, and κ is the thermal conductivity. The higher the ZT value, the better the thermoelectric performance of the material.\n\nDoping is the process of adding impurities to a semiconductor material to modify its electrical properties. Doping can either increase the number of free electrons (n-type doping) or the number of holes (p-type doping) in the material, which in turn affects the thermoelectric properties of the material.\n\nThe effect of doping concentration on the thermoelectric figure of merit (ZT) can be analyzed by investigating the changes in the Seebeck coefficient (S), electrical conductivity (σ), and thermal conductivity (κ) with varying doping concentrations.\n\n1. Seebeck coefficient (S): The Seebeck coefficient is a measure of the voltage generated per unit temperature difference in a material. Generally, the Seebeck coefficient decreases with increasing doping concentration, as the increased carrier concentration reduces the average energy per carrier.\n\n2. Electrical conductivity (σ): The electrical conductivity of a doped semiconductor material increases with increasing doping concentration, as more carriers are available for conduction. However, at very high doping concentrations, the conductivity may start to decrease due to carrier scattering and other factors.\n\n3. Thermal conductivity (κ): The thermal conductivity of a doped semiconductor material is influenced by both the lattice thermal conductivity (κ_L) and the electronic thermal conductivity (κ_e). With increasing doping concentration, the electronic thermal conductivity increases due to the increased carrier concentration, while the lattice thermal conductivity may decrease due to increased phonon scattering.\n\nThe relationship between ZT and doping concentration is not straightforward, as it depends on the interplay between the Seebeck coefficient, electrical conductivity, and thermal conductivity. In general, there is an optimal doping concentration that maximizes the ZT value for a given semiconductor material. At low doping concentrations, the increase in electrical conductivity dominates, leading to an increase in ZT. However, at high doping concentrations, the decrease in Seebeck coefficient and increase in electronic thermal conductivity can cause the ZT value to decrease.\n\nTo determine the optimal doping concentration for a specific semiconductor material, one must experimentally measure the thermoelectric properties (S, σ, and κ) at various doping concentrations and calculate the corresponding ZT values. By analyzing the relationship between ZT and doping concentration, the optimal doping concentration for maximizing the thermoelectric performance of the material can be identified."
}