{
    "role_1": "Physicist_RoleType.ASSISTANT",
    "topic;": "Solid state physics",
    "sub_topic": "Calculation of thermal conductivity in a solid material",
    "message_1": "Calculate the thermal conductivity of a solid material with a thickness of 2 cm, a cross-sectional area of 4 cm², and a temperature difference of 50°C between its two ends. The solid material has a lattice constant of 5 Å and its Debye temperature is 300 K. Given that the specific heat capacity of the solid material is 0.5 J/gK and its density is 10 g/cm³.",
    "message_2": "To calculate the thermal conductivity (k) of the solid material, we can use the formula:\n\nk = (Q * d) / (A * ΔT)\n\nwhere Q is the heat transfer rate, d is the thickness of the material, A is the cross-sectional area, and ΔT is the temperature difference between the two ends of the material.\n\nHowever, we do not have the heat transfer rate (Q) given in the problem. Instead, we have other properties of the material, such as its lattice constant, Debye temperature, specific heat capacity, and density. These properties can be used to estimate the thermal conductivity using the Debye model, which relates the thermal conductivity to the specific heat capacity (C), the speed of sound in the material (v), and the mean free path of the phonons (l).\n\nk = 1/3 * C * v * l\n\nTo estimate the speed of sound (v) and the mean free path (l), we need to use the given properties of the material. The Debye temperature (Θ_D) can be used to estimate the speed of sound using the formula:\n\nv = (k_B * Θ_D) / (ħ * a)\n\nwhere k_B is the Boltzmann constant (1.38 × 10^(-23) J/K), ħ is the reduced Planck constant (1.054 × 10^(-34) Js), and a is the lattice constant.\n\nFirst, let's convert the lattice constant from Å to meters:\n\na = 5 Å * (1 × 10^(-10) m/Å) = 5 × 10^(-10) m\n\nNow, we can calculate the speed of sound:\n\nv = (1.38 × 10^(-23) J/K * 300 K) / (1.054 × 10^(-34) Js * 5 × 10^(-10) m)\nv ≈ 7867 m/s\n\nNext, we need to estimate the mean free path (l) of the phonons. This can be done using the formula:\n\nl = (ħ * v) / (k_B * T)\n\nwhere T is the average temperature of the material. Assuming room temperature (25°C or 298 K), we can calculate the mean free path:\n\nl = (1.054 × 10^(-34) Js * 7867 m/s) / (1.38 × 10^(-23) J/K * 298 K)\nl ≈ 2.02 × 10^(-9) m\n\nNow that we have the speed of sound and the mean free path, we can calculate the specific heat capacity per unit volume (C_V) using the given specific heat capacity (C) and density (ρ):\n\nC_V = C * ρ = 0.5 J/gK * 10 g/cm³ * (1 × 10^6 cm³/m³) * (1 × 10^(-3) kg/g)\nC_V = 5000 J/m³K\n\nFinally, we can calculate the thermal conductivity (k) using the Debye model:\n\nk = 1/3 * C_V * v * l\nk = 1/3 * 5000 J/m³K * 7867 m/s * 2.02 × 10^(-9) m\nk ≈ 26.5 W/mK\n\nSo, the thermal conductivity of the solid material is approximately 26.5 W/mK."
}