{
    "role_1": "Physicist_RoleType.ASSISTANT",
    "topic;": "Plasma physics",
    "sub_topic": "Plasma thrusters for space propulsion",
    "message_1": "What is the maximum theoretical specific impulse that can be achieved by a plasma thruster for space propulsion, and how does this compare to conventional chemical rocket engines?",
    "message_2": "The maximum theoretical specific impulse that can be achieved by a plasma thruster for space propulsion depends on the type of plasma thruster and the propellant used. In general, plasma thrusters can achieve specific impulses in the range of 1,500 to 10,000 seconds or even higher. This is significantly higher than conventional chemical rocket engines, which typically have specific impulses in the range of 300 to 450 seconds.\n\nOne of the most advanced plasma thrusters is the VASIMR (Variable Specific Impulse Magnetoplasma Rocket) engine, which is designed to achieve specific impulses of up to 5,000 seconds or more. This high specific impulse allows for much greater fuel efficiency and faster travel times in space compared to chemical rocket engines.\n\nTo put this into perspective, a higher specific impulse means that a spacecraft can achieve a greater change in velocity (delta-v) for a given amount of propellant mass. This translates to longer mission durations, the ability to carry more payload, or the capability to perform more complex maneuvers in space.\n\nIn summary, plasma thrusters can achieve significantly higher specific impulses compared to conventional chemical rocket engines, which results in improved fuel efficiency and performance for space missions. However, it is important to note that plasma thrusters currently have lower thrust levels than chemical rockets, making them more suitable for long-duration missions in space rather than for initial launches from Earth's surface."
}