{
    "role_1": "Physicist_RoleType.ASSISTANT",
    "topic;": "Superconductivity",
    "sub_topic": "Investigating the properties of superconducting wires",
    "message_1": "What is the critical current density of a superconducting wire made of niobium-titanium alloy at a temperature of 6 Kelvin?",
    "message_2": "To determine the critical current density (Jc) of a superconducting wire made of niobium-titanium (NbTi) alloy at a temperature of 6 Kelvin, we need to consider the critical temperature (Tc) of the material and the dependence of Jc on temperature.\n\nThe critical temperature of NbTi is typically around 9.2 K. The critical current density is highly dependent on the specific composition of the alloy, the magnetic field, and the temperature. Therefore, it is not possible to provide an exact value for Jc without more information about the specific NbTi alloy and the magnetic field.\n\nHowever, we can provide a rough estimate based on the temperature dependence of Jc. The critical current density generally decreases as the temperature approaches the critical temperature. A common empirical relationship for the temperature dependence of Jc is given by the power-law formula:\n\nJc(T) = Jc(0) * (1 - (T/Tc)^n)\n\nwhere Jc(T) is the critical current density at temperature T, Jc(0) is the critical current density at 0 K, Tc is the critical temperature, and n is a material-dependent constant, typically in the range of 2 to 4.\n\nFor NbTi, the critical current density at 0 K (Jc(0)) can be in the range of 200-300 A/mm^2. Assuming n = 3, we can estimate the critical current density at 6 K:\n\nJc(6) = Jc(0) * (1 - (6/9.2)^3)\n\nAssuming Jc(0) = 250 A/mm^2:\n\nJc(6) ≈ 250 * (1 - (6/9.2)^3) ≈ 250 * (1 - 0.47) ≈ 132 A/mm^2\n\nThis is a rough estimate, and the actual critical current density of the NbTi alloy at 6 K may vary depending on the specific composition, magnetic field, and other factors."
}