{
    "role_1": "Physicist_RoleType.ASSISTANT",
    "topic;": "Condensed matter physics",
    "sub_topic": "Investigation of quantum Hall effect",
    "message_1": "Calculate the Hall voltage and resistivity of a two-dimensional electron gas situated in a magnetic field of 5Tesla and with a carrier density of 10^15cm^-2 when measured at a temperature of 4K assuming the sample mobility to be 10^4 cm^2/Vs .",
    "message_2": "To calculate the Hall voltage and resistivity of a two-dimensional electron gas, we need to use the Hall effect equations. The Hall effect is the production of a voltage difference across an electrical conductor, transverse to an electric current in the conductor and a magnetic field perpendicular to the current.\n\n1. First, let's calculate the Hall coefficient (R_H):\nR_H = -1 / (q * n)\nwhere q is the elementary charge (1.6 * 10^-19 C) and n is the carrier density (10^15 cm^-2).\n\nR_H = -1 / (1.6 * 10^-19 C * 10^15 cm^-2)\nR_H = -1 / (1.6 * 10^-4 C/m^2)\nR_H = -6.25 * 10^3 m^3/C\n\n2. Next, let's calculate the Hall voltage (V_H):\nV_H = R_H * I * B / d\nwhere I is the current, B is the magnetic field (5 T), and d is the thickness of the sample. Since this is a two-dimensional electron gas, we can assume the thickness to be very small, and the Hall voltage will be proportional to the current.\n\nV_H = -6.25 * 10^3 m^3/C * I * 5 T / d\n\n3. Now, let's calculate the resistivity (ρ):\nρ = 1 / (μ * n * q)\nwhere μ is the sample mobility (10^4 cm^2/Vs).\n\nρ = 1 / (10^4 cm^2/Vs * 10^15 cm^-2 * 1.6 * 10^-19 C)\nρ = 1 / (1.6 * 10^-4 C/m^2 * 10^4 m^2/Vs)\nρ = 1 / (1.6 * 10^0 V/C)\nρ = 6.25 * 10^-1 Ωm\n\nSo, the Hall voltage is V_H = -6.25 * 10^3 m^3/C * I * 5 T / d, and the resistivity is ρ = 6.25 * 10^-1 Ωm. Note that the Hall voltage is proportional to the current, and the actual value will depend on the current and the thickness of the sample."
}