{
    "role_1": "Physicist_RoleType.ASSISTANT",
    "topic;": "Condensed matter physics",
    "sub_topic": "Analysis of quantum dots and quantum wells",
    "message_1": "What is the energy spacing between the ground state and first excited state in a spherical quantum dot with a diameter of 10 nm and a conduction band energy of 2.5 eV? Assume the effective mass of an electron in the dot is 0.07 times the mass of a free electron.",
    "message_2": "To calculate the energy spacing between the ground state and the first excited state in a spherical quantum dot, we can use the following formula for the energy levels in a three-dimensional quantum dot:\n\nE(n) = (h^2 * n^2) / (8 * m * R^2)\n\nwhere E(n) is the energy of the nth energy level, h is the Planck's constant (6.626 x 10^-34 J s), n is the principal quantum number, m is the effective mass of the electron, and R is the radius of the quantum dot.\n\nGiven the diameter of the quantum dot is 10 nm, the radius R is 5 nm or 5 x 10^-9 m. The effective mass of the electron in the dot is 0.07 times the mass of a free electron (m_e = 9.109 x 10^-31 kg), so m = 0.07 * m_e = 6.376 x 10^-32 kg.\n\nNow, we can calculate the energy levels for the ground state (n = 1) and the first excited state (n = 2):\n\nE(1) = (h^2 * 1^2) / (8 * m * R^2) = (6.626 x 10^-34 J s)^2 / (8 * 6.376 x 10^-32 kg * (5 x 10^-9 m)^2) ≈ 8.241 x 10^-20 J\n\nE(2) = (h^2 * 2^2) / (8 * m * R^2) = (6.626 x 10^-34 J s)^2 / (8 * 6.376 x 10^-32 kg * (5 x 10^-9 m)^2) ≈ 3.296 x 10^-19 J\n\nThe energy spacing between the ground state and the first excited state is the difference between these two energy levels:\n\nΔE = E(2) - E(1) = 3.296 x 10^-19 J - 8.241 x 10^-20 J ≈ 2.472 x 10^-19 J\n\nTo convert this energy spacing to electron volts (eV), we can use the conversion factor 1 eV = 1.602 x 10^-19 J:\n\nΔE ≈ 2.472 x 10^-19 J * (1 eV / 1.602 x 10^-19 J) ≈ 1.54 eV\n\nSo, the energy spacing between the ground state and the first excited state in the spherical quantum dot is approximately 1.54 eV."
}