{
    "role_1": "Physicist_RoleType.ASSISTANT",
    "topic;": "Condensed matter physics",
    "sub_topic": "Analysis of quantum dots and quantum wells",
    "message_1": "\"Given a quantum well with a width of 20 nm, calculate the ground state energy of the electron confined within it, assuming it has an effective mass of 0.067 times the mass of an electron.\"",
    "message_2": "To calculate the ground state energy of the electron confined within the quantum well, we can use the formula for the energy levels of a particle in a one-dimensional box:\n\nE_n = (n^2 * h^2) / (8 * m * L^2)\n\nwhere E_n is the energy of the nth level, n is the quantum number (n = 1 for the ground state), h is the Planck's constant, m is the effective mass of the electron, and L is the width of the quantum well.\n\nGiven:\nWidth of the quantum well, L = 20 nm = 20 * 10^(-9) m\nEffective mass of the electron, m = 0.067 * m_e (where m_e is the mass of an electron)\nm_e = 9.109 * 10^(-31) kg\nm = 0.067 * m_e = 0.067 * 9.109 * 10^(-31) kg = 6.103 * 10^(-32) kg\n\nPlanck's constant, h = 6.626 * 10^(-34) Js\n\nNow, we can calculate the ground state energy (n = 1):\n\nE_1 = (1^2 * (6.626 * 10^(-34))^2) / (8 * 6.103 * 10^(-32) * (20 * 10^(-9))^2)\nE_1 = (6.626 * 10^(-34))^2 / (8 * 6.103 * 10^(-32) * 400 * 10^(-18))\nE_1 = 43.82 * 10^(-68) / (1.944 * 10^(-49))\nE_1 = 2.253 * 10^(-18) J\n\nTo express the ground state energy in electron volts (eV), we can use the conversion factor 1 eV = 1.602 * 10^(-19) J:\n\nE_1 = 2.253 * 10^(-18) J * (1 eV / 1.602 * 10^(-19) J)\nE_1 ≈ 14.07 eV\n\nSo, the ground state energy of the electron confined within the quantum well is approximately 14.07 eV."
}