{
    "role_1": "Physicist_RoleType.ASSISTANT",
    "topic;": "Condensed matter physics",
    "sub_topic": "Study of electronic properties of materials",
    "message_1": "What is the band gap energy of silicon in electron volts (eV) and how does it affect the electronic properties of silicon?",
    "message_2": "The band gap energy of silicon is approximately 1.12 electron volts (eV) at room temperature.\n\nThe band gap energy affects the electronic properties of silicon in several ways:\n\n1. Conductivity: Silicon is a semiconductor, which means its electrical conductivity lies between that of a conductor and an insulator. The band gap energy determines the ease with which electrons can be excited from the valence band to the conduction band. A larger band gap would make it more difficult for electrons to move between the bands, leading to lower conductivity.\n\n2. Temperature dependence: The conductivity of silicon increases with temperature because thermal energy can excite more electrons across the band gap. This is in contrast to metals, where conductivity decreases with increasing temperature.\n\n3. Light absorption: The band gap energy determines the range of photon energies that silicon can absorb. Silicon can absorb photons with energies greater than its band gap energy, which corresponds to wavelengths shorter than about 1100 nm. This makes silicon a suitable material for photovoltaic applications, as it can absorb a significant portion of the solar spectrum.\n\n4. Doping: The electronic properties of silicon can be modified by introducing impurities, known as dopants, into the crystal lattice. These dopants can either donate electrons to the conduction band (n-type doping) or create holes in the valence band (p-type doping), which increases the conductivity of the material. The band gap energy plays a crucial role in determining the effectiveness of these dopants and the resulting electronic properties of the doped silicon."
}