{
    "role_1": "Physicist_RoleType.ASSISTANT",
    "topic;": "Condensed matter physics",
    "sub_topic": "Study of thermal properties of materials",
    "message_1": "What is the thermal conductivity of a particular material at a specific temperature and how does it compare to other materials with similar properties in the same temperature range?",
    "message_2": "To determine the thermal conductivity of a particular material at a specific temperature, you would need to know the material's properties and the temperature in question. Thermal conductivity (k) is a property that describes a material's ability to conduct heat and is typically measured in watts per meter-kelvin (W/m·K).\n\nTo compare the thermal conductivity of the material to other materials with similar properties, you would need to gather data on the thermal conductivities of those materials at the same temperature range.\n\nFor example, let's say you want to compare the thermal conductivity of copper (Cu) at 300 K (room temperature) to that of aluminum (Al) and iron (Fe) at the same temperature. The thermal conductivity values for these materials at 300 K are:\n\n- Copper (Cu): k ≈ 400 W/m·K\n- Aluminum (Al): k ≈ 237 W/m·K\n- Iron (Fe): k ≈ 80 W/m·K\n\nFrom these values, you can see that copper has the highest thermal conductivity, followed by aluminum and then iron.\n\nPlease provide the specific material and temperature you are interested in, and I can help you determine its thermal conductivity and compare it to other materials with similar properties in the same temperature range."
}