{
    "role_1": "Physicist_RoleType.ASSISTANT",
    "topic;": "High-energy physics",
    "sub_topic": "Particle accelerators and colliders",
    "message_1": "An 8 GeV proton beam with a total charge of 10 μC is accelerated through an electric potential difference of 2 MV in a particle accelerator. What is the speed of the proton beam after acceleration?",
    "message_2": "First, let's find the initial kinetic energy of the proton beam. Since the beam has an energy of 8 GeV, we can convert this to joules:\n\nInitial kinetic energy (E_initial) = 8 GeV * (1.6 × 10^(-10) J/GeV) = 1.28 × 10^(-9) J\n\nNow, let's find the work done on the proton beam by the electric potential difference:\n\nWork = q * V = (10 × 10^(-6) C) * (2 × 10^6 V) = 20 J\n\nNow, we can find the final kinetic energy of the proton beam:\n\nE_final = E_initial + Work = 1.28 × 10^(-9) J + 20 J ≈ 20 J\n\nNext, we need to find the final velocity of the proton beam. We can use the following equation:\n\nE_final = (1/2) * m * v^2\n\nWhere m is the mass of a proton and v is the final velocity. The mass of a proton is approximately 1.67 × 10^(-27) kg. Since the total charge of the beam is 10 μC, we can find the number of protons in the beam:\n\nNumber of protons = (10 × 10^(-6) C) / (1.6 × 10^(-19) C/proton) ≈ 6.25 × 10^(13) protons\n\nNow, we can find the total mass of the proton beam:\n\nTotal mass (M) = (6.25 × 10^(13) protons) * (1.67 × 10^(-27) kg/proton) ≈ 1.04 × 10^(-13) kg\n\nNow, we can solve for the final velocity:\n\n20 J = (1/2) * (1.04 × 10^(-13) kg) * v^2\n\nv^2 = (20 J) / (0.5 * 1.04 × 10^(-13) kg) ≈ 3.85 × 10^(14)\n\nv = √(3.85 × 10^(14)) ≈ 1.96 × 10^(7) m/s\n\nSo, the speed of the proton beam after acceleration is approximately 1.96 × 10^7 m/s."
}