{
    "role_1": "Physicist_RoleType.ASSISTANT",
    "topic;": "Quantum field theory",
    "sub_topic": "Calculation of entanglement entropy in quantum field theory.",
    "message_1": "What is the entanglement entropy of a free scalar field in 1+1 dimensions on a circular interval of radius R? How does the entanglement entropy scale with R and what determines the universal scaling factor?",
    "message_2": "The entanglement entropy of a free scalar field in 1+1 dimensions on a circular interval of radius R can be calculated using the replica trick and conformal field theory techniques. For a free scalar field, the entanglement entropy S(R) is given by:\n\nS(R) = (c/3) * ln(R/a),\n\nwhere c is the central charge of the conformal field theory, which is equal to 1 for a free scalar field, and a is a short-distance cutoff, typically associated with the lattice spacing or the Planck length.\n\nThe entanglement entropy scales logarithmically with the radius R, and the universal scaling factor is determined by the central charge c. In this case, the scaling factor is 1/3, which is a universal result for a free scalar field in 1+1 dimensions. This result indicates that the entanglement entropy increases as the size of the circular interval increases, reflecting the growth of entanglement between the degrees of freedom inside and outside the interval."
}