{
    "role_1": "Physicist_RoleType.ASSISTANT",
    "topic;": "Quantum field theory",
    "sub_topic": "Calculation of decay rates in quantum field theory.",
    "message_1": "What is the decay rate of a specific particle (e.g. a meson) through a specific interaction process (e.g. weak interaction) in a given quantum field theory model (e.g. Standard Model)?",
    "message_2": "To calculate the decay rate of a specific particle through a specific interaction process in a given quantum field theory model, we need to follow these general steps:\n\n1. Identify the particle and interaction process: In this case, we are considering a meson decaying through the weak interaction within the Standard Model.\n\n2. Determine the initial and final states: For example, let's consider the decay of a charged pion (π+) into a muon (μ+) and a muon neutrino (νμ). The initial state is the pion (π+), and the final state consists of the muon (μ+) and the muon neutrino (νμ).\n\n3. Identify the relevant Feynman diagrams: For the chosen decay process, we need to draw the Feynman diagrams that represent the interaction. In our example, there is only one relevant diagram, which involves the pion decaying into a muon and a W+ boson (mediating the weak interaction), followed by the W+ boson decaying into a muon neutrino.\n\n4. Calculate the matrix element: Using the Feynman rules for the given quantum field theory model (in this case, the Standard Model), we can calculate the matrix element (M) for the process. The matrix element is a complex number that encodes the probability amplitude of the process.\n\n5. Compute the decay rate (Γ): The decay rate is related to the square of the matrix element, integrated over the phase space of the final state particles. In general, the decay rate can be expressed as:\n\nΓ = (1/2m) * ∫ |M|^2 * dΦ,\n\nwhere m is the mass of the decaying particle (in our example, the pion), |M|^2 is the squared matrix element, and dΦ is the differential phase space element for the final state particles.\n\n6. Calculate the lifetime (τ) and branching ratio (BR): The lifetime of the particle is the inverse of the total decay rate, τ = 1/Γ_total. The branching ratio for a specific decay channel is the ratio of the decay rate for that channel to the total decay rate, BR = Γ_channel/Γ_total.\n\nBy following these steps, we can calculate the decay rate of a specific particle through a specific interaction process in a given quantum field theory model. Note that the actual calculations can be quite involved and typically require advanced knowledge of quantum field theory, particle physics, and mathematical techniques."
}