{
    "role_1": "Physicist_RoleType.ASSISTANT",
    "topic;": "Quantum field theory",
    "sub_topic": "Calculation of decay rates in quantum field theory.",
    "message_1": "What is the decay rate of a specific particle in a particular quantum field theory, and how does it depend on the relevant coupling constants and initial conditions?",
    "message_2": "To determine the decay rate of a specific particle in a particular quantum field theory, we need to consider the specific particle, the interactions it can undergo, and the relevant coupling constants involved in those interactions. The decay rate, also known as the width (Γ), is related to the lifetime (τ) of the particle through the relation:\n\nΓ = ħ / τ\n\nHere, ħ is the reduced Planck constant.\n\nIn a quantum field theory, the decay rate of a particle can be calculated using the Fermi's Golden Rule, which states that the transition rate between an initial state |i⟩ and a final state |f⟩ is given by:\n\nΓ = (2π/ħ) |⟨f|H'|i⟩|^2 ρ(Ef)\n\nHere, H' is the interaction Hamiltonian, and ρ(Ef) is the density of states of the final state with energy Ef. The matrix element ⟨f|H'|i⟩ represents the probability amplitude for the transition from the initial state to the final state, which depends on the coupling constants and the initial conditions.\n\nTo determine the decay rate of a specific particle, we need to follow these steps:\n\n1. Identify the relevant interaction terms in the Lagrangian or Hamiltonian of the quantum field theory that describe the decay process.\n\n2. Calculate the matrix element ⟨f|H'|i⟩, which depends on the coupling constants and the initial conditions.\n\n3. Compute the density of states ρ(Ef) for the final state.\n\n4. Use Fermi's Golden Rule to find the decay rate Γ.\n\n5. If needed, calculate the lifetime τ of the particle using the relation τ = ħ / Γ.\n\nIt is important to note that the decay rate and its dependence on coupling constants and initial conditions can vary significantly depending on the specific particle and the quantum field theory under consideration. Therefore, a detailed analysis of the particular theory and particle is required to obtain an accurate result."
}