{
    "role_1": "Physicist_RoleType.ASSISTANT",
    "topic;": "Quantum field theory",
    "sub_topic": "Calculation of decay rates in quantum field theory.",
    "message_1": "What is the probability that an electron in its ground state of a hydrogen atom will spontaneously decay into a proton, emitting a positron and a neutrino, within a timespan of 1 hour? Calculate the decay rate using quantum field theory.",
    "message_2": "The process you described, where an electron spontaneously decays into a proton while emitting a positron and a neutrino, is not a physically allowed process according to the Standard Model of particle physics. This is because the electron and proton have different baryon numbers, and the process would violate the conservation of baryon number. Additionally, the electron and proton have different lepton numbers, and the process would violate the conservation of lepton number as well.\n\nHowever, there is a hypothetical process called \"proton decay\" that is predicted by some extensions of the Standard Model, such as Grand Unified Theories (GUTs). In proton decay, a proton would decay into lighter particles, such as a positron and a neutral pion, which would then decay into photons. This process has not been observed experimentally, and current experimental limits on the proton's lifetime are greater than 10^34 years.\n\nGiven that the process you described is not allowed by the Standard Model and has not been observed experimentally, the probability of an electron in the ground state of a hydrogen atom spontaneously decaying into a proton, emitting a positron and a neutrino, within a timespan of 1 hour is effectively zero."
}