{
    "role_1": "Physicist_RoleType.ASSISTANT",
    "topic;": "String theory",
    "sub_topic": "The study of string theory in the presence of solitons and their role in cosmology.",
    "message_1": "How does the presence of solitons in string theory affect the cosmological evolution of the universe, and what role do they play in solving some of the unresolved problems in modern cosmology?",
    "message_2": "The presence of solitons in string theory can have significant implications for the cosmological evolution of the universe and potentially help address some unresolved problems in modern cosmology.\n\nSolitons are stable, non-dissipative, localized solutions to certain nonlinear partial differential equations. In string theory, solitons can be"
}