{
    "role_1": "Physicist_RoleType.ASSISTANT",
    "topic;": "Dark matter",
    "sub_topic": "The possibility of dark matter being composed of WIMPs (Weakly Interacting Massive Particles)",
    "message_1": "What is the expected rate of WIMPs interacting with a sodium-iodide detector within a day, assuming a WIMP mass of 100 GeV and a cross section of 10^-45 cm^2?",
    "message_2": "To calculate the expected rate of WIMPs interacting with a sodium-iodide detector, we need to consider several factors, including the local dark matter density, the velocity distribution of WIMPs, and the mass and size of the detector. \n\nLet's assume the following values for these factors:\n\n1. Local dark matter density (ρ): 0.3 GeV/cm³\n2. Mean WIMP velocity (v): 220 km/s\n3. Sodium-iodide detector mass (M): 1 kg (for simplicity)\n4. Sodium-iodide detector atomic mass (A): 23 for sodium and 127 for iodine (total 150)\n5. Avogadro's number (N_A): 6.022 x 10^23 mol^(-1)\n\nFirst, we need to find the number of target nuclei in the detector:\n\nN = (M * N_A) / A\nN = (1 kg * 6.022 x 10^23 mol^(-1)) / 150\nN ≈ 4.015 x 10^22 nuclei\n\nNow, we need to convert the WIMP cross-section to the SI unit (m^2):\n\nσ = 10^(-45) cm² * (10^(-4) m²/cm²) = 10^(-49) m²\n\nNext, we need to convert the mean WIMP velocity to m/s:\n\nv = 220 km/s * (1000 m/km) = 2.2 x 10^5 m/s\n\nNow we can calculate the interaction rate (R) using the following formula:\n\nR = ρ * N * σ * v / (WIMP mass)\nR = (0.3 GeV/cm³ * 4.015 x 10^22 nuclei * 10^(-49) m² * 2.2 x 10^5 m/s) / (100 GeV)\n\nNote that we need to convert the GeV units to cancel out:\n\n1 GeV = 1.783 x 10^(-27) kg\n\nR = (0.3 * 1.783 x 10^(-27) kg/cm³ * 4.015 x 10^22 nuclei * 10^(-49) m² * 2.2 x 10^5 m/s) / (100 * 1.783 x 10^(-27) kg)\nR ≈ 4.52 x 10^(-5) interactions/s\n\nNow, we can find the expected rate of interactions within a day:\n\nInteractions per day = R * 86400 s/day\nInteractions per day ≈ 4.52 x 10^(-5) interactions/s * 86400 s/day\nInteractions per day ≈ 3.9 interactions/day\n\nSo, the expected rate of WIMPs interacting with a sodium-iodide detector within a day is approximately 3.9 interactions per day, assuming a WIMP mass of 100 GeV and a cross-section of 10^(-45) cm². Keep in mind that these calculations are based on several assumptions and simplifications, and the actual rate may vary depending on the specific experimental setup and conditions."
}