{
    "role_1": "Physicist_RoleType.ASSISTANT",
    "topic;": "Quantum computing",
    "sub_topic": "Quantum computing with spin qubits",
    "message_1": "Consider a quantum computer operating with spin qubits. Suppose we implement a two-qubit gate operation where the first qubit is rotated by an angle of 90 degrees around the x-axis, and the second qubit is rotated by an angle of 45 degrees around the y-axis. What is the resulting state of the two-qubit system, and what is the probability of measuring each possible outcome?",
    "message_2": "Let's denote the initial state of the two-qubit system as |ψ⟩ = |ψ1⟩ ⊗ |ψ2⟩, where |ψ1⟩ and |ψ2⟩ are the states of the first and second qubits, respectively. We are given that the first qubit is rotated by 90 degrees around the x-axis and the second qubit is rotated by 45 degrees around the y-axis. \n\nThe rotation operators for these transformations are:\n\nRx(θ) = cos(θ/2) * I - i * sin(θ/2) * X\nRy(θ) = cos(θ/2) * I - i * sin(θ/2) * Y\n\nwhere θ is the rotation angle, I is the identity matrix, and X and Y are the Pauli matrices:\n\nX = |0⟩⟨1| + |1⟩⟨0| = |0 1|\n                                  |1 0|\n\nY = |0⟩⟨1| - |1⟩⟨0| = | 0 -i|\n                                  |i   0|\n\nNow, we apply the rotation operators to the initial state:\n\n|ψ1'⟩ = Rx(90°) * |ψ1⟩\n|ψ2'⟩ = Ry(45°) * |ψ2⟩\n\nLet's assume the initial state of the qubits is |0⟩:\n\n|ψ1⟩ = |0⟩ = |1 0⟩^T\n|ψ2⟩ = |0⟩ = |1 0⟩^T\n\nNow, we can calculate the rotated states:\n\n|ψ1'⟩ = Rx(90°) * |ψ1⟩ = (cos(π/4) * I - i * sin(π/4) * X) * |0⟩ = 1/√2 (|0⟩ + |1⟩)\n|ψ2'⟩ = Ry(45°) * |ψ2⟩ = (cos(π/8) * I - i * sin(π/8) * Y) * |0⟩ = cos(π/8)|0⟩ + sin(π/8)|1⟩\n\nThe resulting state of the two-qubit system is:\n\n|ψ'⟩ = |ψ1'⟩ ⊗ |ψ2'⟩ = 1/√2 (|0⟩ + |1⟩) ⊗ (cos(π/8)|0⟩ + sin(π/8)|1⟩)\n\nExpanding the tensor product, we get:\n\n|ψ'⟩ = 1/√2 (cos(π/8)|00⟩ + sin(π/8)|01⟩ + cos(π/8)|10⟩ + sin(π/8)|11⟩)\n\nNow, let's calculate the probabilities of measuring each possible outcome:\n\nP(|00⟩) = |⟨00|ψ'⟩|^2 = (1/√2 * cos(π/8))^2 = 1/2 * cos^2(π/8)\nP(|01⟩) = |⟨01|ψ'⟩|^2 = (1/√2 * sin(π/8))^2 = 1/2 * sin^2(π/8)\nP(|10⟩) = |⟨10|ψ'⟩|^2 = (1/√2 * cos(π/8))^2 = 1/2 * cos^2(π/8)\nP(|11⟩) = |⟨11|ψ'⟩|^2 = (1/√2 * sin(π/8))^2 = 1/2 * sin^2(π/8)\n\nSo, the probabilities of measuring each possible outcome are:\n\nP(|00⟩) = 1/2 * cos^2(π/8)\nP(|01⟩) = 1/2 * sin^2(π/8)\nP(|10⟩) = 1/2 * cos^2(π/8)\nP(|11⟩) = 1/2 * sin^2(π/8)"
}