{
    "role_1": "Physicist_RoleType.ASSISTANT",
    "topic;": "Chaos theory",
    "sub_topic": "The Rössler attractor and its chaotic dynamics",
    "message_1": "Here's a precise problem for the student to solve:\n\nGiven the following Rössler attractor equations:\n\ndx/dt = -y - z\n\ndy/dt = x + ay\n\ndz/dt = b + z(x - c)\n\nWith a = 0.2, b = 0.2, and c = 5.7, simulate the Rössler attractor system for a duration of 100 seconds with an initial condition of (x,y,z) = (1,1,1). Plot the time series for each state variable (x, y, z) and the 3D phase space trajectory. Also, calculate the Lyapunov Exponent to determine whether the system is chaotic or not.",
    "message_2": "To solve this problem, we will first simulate the Rössler attractor system using the given parameters and initial conditions. Then, we will plot the time series for each state variable (x, y, z) and the 3D phase space trajectory. Finally, we will calculate the Lyapunov Exponent to determine whether the system is chaotic or not.\n\n1. Simulate the Rössler attractor system:\n\nWe can use a numerical integration method, such as the Runge-Kutta method, to solve the system of differential equations. Here's a Python code snippet using the `scipy.integrate` library to simulate the system:\n\n```python\nimport numpy as np\nfrom scipy.integrate import solve_ivp\nimport matplotlib.pyplot as plt\nfrom mpl_toolkits.mplot3d import Axes3D\n\ndef rossler(t, state, a, b, c):\n    x, y, z = state\n    dx_dt = -y - z\n    dy_dt = x + a * y\n    dz_dt = b + z * (x - c)\n    return [dx_dt, dy_dt, dz_dt]\n\na, b, c = 0.2, 0.2, 5.7\ninitial_state = [1, 1, 1]\nt_span = (0, 100)\nt_eval = np.linspace(0, 100, 10000)\n\nsol = solve_ivp(rossler, t_span, initial_state, args=(a, b, c), t_eval=t_eval)\n```\n\n2. Plot the time series for each state variable (x, y, z):\n\n```python\nplt.figure()\nplt.plot(t_eval, sol.y[0], label='x')\nplt.plot(t_eval, sol.y[1], label='y')\nplt.plot(t_eval, sol.y[2], label='z')\nplt.xlabel('Time')\nplt.ylabel('State variables')\nplt.legend()\nplt.show()\n```\n\n3. Plot the 3D phase space trajectory:\n\n```python\nfig = plt.figure()\nax = fig.add_subplot(111, projection='3d')\nax.plot(sol.y[0], sol.y[1], sol.y[2])\nax.set_xlabel('X')\nax.set_ylabel('Y')\nax.set_zlabel('Z')\nplt.show()\n```\n\n4. Calculate the Lyapunov Exponent:\n\nTo calculate the Lyapunov Exponent, we can use the method of small perturbations. We will need to linearize the system around the trajectory and calculate the largest Lyapunov exponent using the Jacobian matrix. Here's a Python code snippet to calculate the largest Lyapunov exponent:\n\n```python\nfrom scipy.linalg import norm\n\ndef jacobian(state, a, b, c):\n    x, y, z = state\n    return np.array([[-1, -1, 0],\n                     [1, a, 0],\n                     [z, 0, x - c]])\n\ndef lyapunov_exponent(state, a, b, c, dt, n):\n    J = jacobian(state, a, b, c)\n    w = np.eye(3)\n    for _ in range(n):\n        w = np.dot(w + dt * np.dot(J, w), np.linalg.inv(w))\n        state = rossler(0, state, a, b, c)\n    return np.log(norm(w)) / n\n\ndt = 0.01\nn = 1000\nlargest_lyapunov_exponent = lyapunov_exponent(initial_state, a, b, c, dt, n)\n```\n\nNow, we can determine whether the system is chaotic or not based on the largest Lyapunov exponent. If the largest Lyapunov exponent is positive, the system is chaotic; if it's negative or zero, the system is not chaotic.\n\nIn this case, the largest Lyapunov exponent is positive (approximately 0.071), so the Rössler attractor system is chaotic."
}