{
    "role_1": "Physicist_RoleType.ASSISTANT",
    "topic;": "Biophysics",
    "sub_topic": "Analyzing the thermodynamics of protein-ligand binding.",
    "message_1": "Calculate the change in enthalpy and entropy for the binding of a specific protein and ligand, given the initial and final temperatures and concentrations of both the protein and ligand.",
    "message_2": "To calculate the change in enthalpy (ΔH) and entropy (ΔS) for the binding of a specific protein and ligand, we need additional information such as the equilibrium constant (K) or the Gibbs free energy change (ΔG) for the reaction. However, I can provide you with the general approach to solve this problem.\n\n1. Write the binding reaction:\nProtein + Ligand ⇌ Protein-Ligand complex\n\n2. Determine the equilibrium constant (K) or Gibbs free energy change (ΔG) for the reaction. This information is usually obtained from experimental data or literature.\n\n3. If you have the equilibrium constant (K), you can calculate the Gibbs free energy change (ΔG) using the following equation:\nΔG = -RT ln(K)\nwhere R is the gas constant (8.314 J/mol·K), T is the temperature in Kelvin, and ln(K) is the natural logarithm of the equilibrium constant.\n\n4. Calculate the change in enthalpy (ΔH) and entropy (ΔS) using the following equation:\nΔG = ΔH - TΔS\n\nYou can rearrange this equation to solve for ΔH or ΔS:\nΔH = ΔG + TΔS\nΔS = (ΔH - ΔG) / T\n\nWith the given initial and final temperatures and concentrations of both the protein and ligand, you can calculate the changes in enthalpy and entropy for the binding reaction. However, without the equilibrium constant (K) or Gibbs free energy change (ΔG), it is not possible to provide a numerical solution to this problem."
}