{
    "role_1": "Physicist_RoleType.ASSISTANT",
    "topic;": "Biophysics",
    "sub_topic": "Investigating the mechanics of blood flow in the cardiovascular system.",
    "message_1": "What is the relationship between the pressure drop across a stenotic valve and the resulting blood flow rate through the valve in the cardiovascular system?",
    "message_2": "The relationship between the pressure drop across a stenotic valve and the resulting blood flow rate through the valve in the cardiovascular system can be described using a modified form of the Bernoulli equation and the continuity equation.\n\nThe modified Bernoulli equation is:\n\nΔP = 4 * (V2^2 - V1^2)\n\nwhere ΔP is the pressure drop across the stenotic valve, V1 is the blood flow velocity before the valve, and V2 is the blood flow velocity after the valve.\n\nThe continuity equation is:\n\nA1 * V1 = A2 * V2\n\nwhere A1 is the cross-sectional area before the valve, and A2 is the cross-sectional area after the valve.\n\nBy combining these two equations, we can find the relationship between the pressure drop and the blood flow rate (Q) through the valve:\n\nQ = A1 * V1 = A2 * V2\n\nSince the cross-sectional area is reduced in a stenotic valve (A2 < A1), the blood flow velocity will increase (V2 > V1). This increase in velocity will result in a pressure drop across the valve, as described by the modified Bernoulli equation.\n\nIn summary, the pressure drop across a stenotic valve is directly related to the increase in blood flow velocity due to the reduced cross-sectional area of the valve. The resulting blood flow rate through the valve can be determined using the continuity equation, which takes into account the changes in cross-sectional area and blood flow velocity."
}