{
    "role_1": "Physicist_RoleType.ASSISTANT",
    "topic;": "Biophysics",
    "sub_topic": "Investigating the mechanical properties of cell membranes.",
    "message_1": "What is the Young's modulus of a cell membrane?",
    "message_2": "The Young's modulus of a cell membrane is not a fixed value, as it can vary depending on the cell type, the specific membrane region, and the experimental conditions. In general, the Young's modulus of a cell membrane can range from 0.1 to 100 kPa (kiloPascals). For example, the Young's modulus of a red blood cell membrane is typically around 2-10 kPa, while the modulus for a fibroblast cell membrane can be around 10-50 kPa.\n\nIt's important to note that the Young's modulus is a measure of the stiffness of a material, and in the case of cell membranes, it represents the resistance of the membrane to deformation under an applied force. Since cell membranes are complex and dynamic structures composed of lipids, proteins, and other molecules, their mechanical properties can be influenced by various factors such as temperature, pH, and the presence of specific membrane components."
}